,date,average_hits,hits_grade
468,2019-02-07,0,0.0
476,2019-02-15,0,0.0
820,2020-01-25,0,0.0
821,2020-01-26,0,0.0
590,2019-06-09,0,0.0
822,2020-01-27,0,0.0
588,2019-06-07,0,0.0
120,2018-02-24,0,0.0
824,2020-01-29,0,0.0
100,2018-02-04,0,0.0
825,2020-01-30,0,0.0
277,2018-07-31,0,0.0
826,2020-01-31,0,0.0
459,2019-01-29,0,0.0
526,2019-04-06,0,0.0
161,2018-04-06,0,0.0
461,2019-01-31,0,0.0
464,2019-02-03,0,0.0
706,2019-10-03,0,0.0
466,2019-02-05,0,0.0
115,2018-02-19,0,0.0
552,2019-05-02,0,0.0
674,2019-09-01,0,0.0
841,2020-02-15,0,0.0
471,2019-02-10,0,0.0
472,2019-02-11,0,0.0
473,2019-02-12,0,0.0
474,2019-02-13,0,0.0
430,2018-12-31,0,0.0
429,2018-12-30,0,0.0
707,2019-10-04,0,0.0
309,2018-09-01,0,0.0
112,2018-02-16,0,0.0
646,2019-08-04,0,0.0
869,2020-03-14,0,0.0
110,2018-02-14,0,0.0
291,2018-08-14,0,0.0
292,2018-08-15,0,0.0
109,2018-02-13,0,0.0
708,2019-10-05,0,0.0
116,2018-02-20,0,0.0
106,2018-02-10,0,0.0
525,2019-04-05,0,0.0
117,2018-02-21,0,0.0
339,2018-10-01,0,0.0
118,2018-02-22,0,0.0
687,2019-09-14,0,0.0
342,2018-10-04,0,0.0
119,2018-02-23,0,0.0
796,2020-01-01,0,0.0
340,2018-10-02,0,0.0
95,2018-01-30,0,0.0
661,2019-08-19,0,0.0
884,2020-03-29,0,0.0
343,2018-10-05,0,0.0
919,2020-05-03,93,6.51
932,2020-05-16,99,6.93
881,2020-03-26,104,7.28
923,2020-05-07,107,7.49
892,2020-04-06,121,8.47
911,2020-04-25,122,8.54
921,2020-05-05,126,8.82
889,2020-04-03,133,9.31
905,2020-04-19,134,9.38
893,2020-04-07,134,9.38
897,2020-04-11,135,9.45
913,2020-04-27,135,9.45
901,2020-04-15,136,9.52
710,2019-10-07,137,9.59
648,2019-08-06,138,9.66
498,2019-03-09,144,10.08
908,2020-04-22,148,10.36
925,2020-05-09,151,10.57
887,2020-04-01,152,10.64
638,2019-07-27,153,10.71
888,2020-04-02,153,10.71
906,2020-04-20,155,10.85
885,2020-03-30,157,10.99
878,2020-03-23,160,11.2
883,2020-03-28,162,11.34
604,2019-06-23,162,11.34
904,2020-04-18,163,11.41
890,2020-04-04,165,11.55
926,2020-05-10,166,11.62
807,2020-01-12,166,11.62
439,2019-01-09,168,11.76
873,2020-03-18,169,11.83
808,2020-01-13,172,12.04
816,2020-01-21,172,12.04
659,2019-08-17,174,12.18
917,2020-05-01,174,12.18
688,2019-09-15,176,12.32
709,2019-10-06,176,12.32
880,2020-03-25,176,12.32
758,2019-11-24,177,12.39
786,2019-12-22,177,12.39
772,2019-12-08,178,12.46
93,2018-01-28,179,12.53
867,2020-03-12,179,12.53
896,2020-04-10,179,12.53
898,2020-04-12,181,12.67
653,2019-08-11,182,12.74
726,2019-10-23,183,12.81
649,2019-08-07,186,13.02
931,2020-05-15,186,13.02
775,2019-12-11,189,13.23
891,2020-04-05,189,13.23
739,2019-11-05,190,13.3
927,2020-05-11,192,13.44
768,2019-12-04,194,13.58
838,2020-02-12,194,13.58
637,2019-07-26,198,13.86
871,2020-03-16,199,13.93
673,2019-08-31,202,14.14
918,2020-05-02,204,14.28
777,2019-12-13,207,14.49
534,2019-04-14,209,14.63
762,2019-11-28,210,14.7
773,2019-12-09,210,14.7
870,2020-03-15,212,14.84
678,2019-09-05,215,15.05
811,2020-01-16,217,15.19
755,2019-11-21,217,15.19
643,2019-08-01,220,15.4
359,2018-10-21,222,15.54
233,2018-06-17,224,15.68
849,2020-02-23,226,15.82
554,2019-05-04,226,15.82
379,2018-11-10,227,15.89
469,2019-02-08,229,16.03
868,2020-03-13,229,16.03
332,2018-09-24,230,16.1
752,2019-11-18,231,16.17
426,2018-12-27,233,16.31
915,2020-04-29,235,16.45
642,2019-07-31,236,16.52
790,2019-12-26,236,16.52
435,2019-01-05,237,16.59
352,2018-10-14,237,16.59
281,2018-08-04,237,16.59
727,2019-10-24,239,16.73
743,2019-11-09,242,16.94
813,2020-01-18,244,17.08
666,2019-08-24,246,17.22
569,2019-05-19,247,17.29
276,2018-07-30,247,17.29
351,2018-10-13,248,17.36
619,2019-07-08,248,17.36
753,2019-11-19,249,17.43
370,2018-11-01,250,17.5
655,2019-08-13,250,17.5
833,2020-02-07,252,17.64
740,2019-11-06,255,17.85
573,2019-05-23,255,17.85
246,2018-06-30,256,17.92
803,2020-01-08,256,17.92
861,2020-03-06,256,17.92
746,2019-11-12,257,17.99
656,2019-08-14,257,17.99
597,2019-06-16,258,18.06
422,2018-12-23,258,18.06
705,2019-10-02,258,18.06
557,2019-05-07,259,18.13
629,2019-07-18,260,18.2
831,2020-02-05,261,18.27
456,2019-01-26,261,18.27
513,2019-03-24,261,18.27
589,2019-06-08,261,18.27
877,2020-03-22,267,18.69
757,2019-11-23,269,18.83
895,2020-04-09,269,18.83
484,2019-02-23,270,18.9
857,2020-03-02,271,18.97
353,2018-10-15,272,19.04
765,2019-12-01,273,19.11
254,2018-07-08,276,19.32
728,2019-10-25,277,19.39
463,2019-02-02,278,19.46
499,2019-03-10,278,19.46
856,2020-03-01,279,19.53
701,2019-09-28,279,19.53
720,2019-10-17,280,19.6
628,2019-07-17,280,19.6
613,2019-07-02,281,19.67
274,2018-07-28,281,19.67
764,2019-11-30,281,19.67
817,2020-01-22,282,19.74
446,2019-01-16,282,19.74
531,2019-04-11,283,19.81
734,2019-10-31,284,19.88
860,2020-03-05,285,19.95
561,2019-05-11,287,20.09
724,2019-10-21,288,20.16
514,2019-03-25,290,20.3
387,2018-11-18,290,20.3
770,2019-12-06,291,20.37
618,2019-07-07,292,20.44
449,2019-01-19,293,20.51
127,2018-03-03,293,20.51
576,2019-05-26,293,20.51
444,2019-01-14,293,20.51
855,2020-02-29,294,20.58
612,2019-07-01,294,20.58
769,2019-12-05,294,20.58
404,2018-12-05,294,20.58
520,2019-03-31,296,20.72
664,2019-08-22,297,20.79
866,2020-03-11,297,20.79
741,2019-11-07,298,20.86
636,2019-07-25,300,21.0
735,2019-11-01,300,21.0
460,2019-01-30,300,21.0
477,2019-02-16,304,21.28
234,2018-06-18,304,21.28
601,2019-06-20,304,21.28
850,2020-02-24,304,21.28
737,2019-11-03,305,21.35
275,2018-07-29,307,21.49
641,2019-07-30,307,21.49
317,2018-09-09,307,21.49
363,2018-10-25,307,21.49
485,2019-02-24,308,21.56
135,2018-03-11,308,21.56
402,2018-12-03,311,21.77
413,2018-12-14,311,21.77
730,2019-10-27,312,21.84
388,2018-11-19,315,22.05
595,2019-06-14,315,22.05
496,2019-03-07,315,22.05
528,2019-04-08,316,22.12
433,2019-01-03,318,22.26
462,2019-02-01,321,22.47
732,2019-10-29,322,22.54
296,2018-08-19,322,22.54
373,2018-11-04,323,22.61
697,2019-09-24,324,22.68
341,2018-10-03,325,22.75
391,2018-11-22,325,22.75
345,2018-10-07,325,22.75
751,2019-11-17,326,22.82
784,2019-12-20,327,22.89
287,2018-08-10,328,22.96
722,2019-10-19,329,23.03
615,2019-07-04,330,23.1
519,2019-03-30,330,23.1
558,2019-05-08,330,23.1
366,2018-10-28,330,23.1
377,2018-11-08,331,23.17
748,2019-11-14,332,23.24
540,2019-04-20,333,23.31
934,2020-05-18,334,23.38
490,2019-03-01,336,23.52
280,2018-08-03,336,23.52
694,2019-09-21,336,23.52
565,2019-05-15,336,23.52
610,2019-06-29,337,23.59
562,2019-05-12,338,23.66
798,2020-01-03,338,23.66
858,2020-03-03,341,23.87
299,2018-08-22,344,24.08
644,2019-08-02,345,24.15
799,2020-01-04,347,24.29
665,2019-08-23,348,24.36
380,2018-11-11,348,24.36
266,2018-07-20,348,24.36
555,2019-05-05,349,24.43
750,2019-11-16,350,24.5
330,2018-09-22,350,24.5
787,2019-12-23,351,24.57
434,2019-01-04,352,24.64
421,2018-12-22,353,24.71
718,2019-10-15,355,24.85
286,2018-08-09,356,24.92
541,2019-04-21,356,24.92
876,2020-03-21,357,24.99
417,2018-12-18,357,24.99
690,2019-09-17,357,24.99
593,2019-06-12,358,25.06
840,2020-02-14,358,25.06
651,2019-08-09,360,25.2
427,2018-12-28,361,25.27
270,2018-07-24,362,25.34
491,2019-03-02,363,25.41
371,2018-11-02,363,25.41
295,2018-08-18,364,25.48
782,2019-12-18,365,25.55
517,2019-03-28,366,25.62
566,2019-05-16,366,25.62
771,2019-12-07,370,25.9
912,2020-04-26,371,25.97
766,2019-12-02,371,25.97
508,2019-03-19,371,25.97
680,2019-09-07,372,26.04
920,2020-05-04,372,26.04
425,2018-12-26,374,26.18
441,2019-01-11,375,26.25
767,2019-12-03,375,26.25
279,2018-08-02,375,26.25
537,2019-04-17,375,26.25
744,2019-11-10,376,26.32
627,2019-07-16,376,26.32
188,2018-05-03,376,26.32
791,2019-12-27,380,26.6
575,2019-05-25,380,26.6
267,2018-07-21,381,26.67
699,2019-09-26,384,26.88
574,2019-05-24,387,27.09
538,2019-04-18,389,27.23
273,2018-07-27,391,27.37
507,2019-03-18,391,27.37
194,2018-05-09,391,27.37
842,2020-02-16,392,27.44
847,2020-02-21,396,27.72
654,2019-08-12,397,27.79
289,2018-08-12,397,27.79
214,2018-05-29,399,27.93
211,2018-05-26,400,28.0
356,2018-10-18,401,28.07
378,2018-11-09,401,28.07
560,2019-05-10,401,28.07
606,2019-06-25,402,28.14
572,2019-05-22,403,28.21
293,2018-08-16,406,28.42
587,2019-06-06,406,28.42
131,2018-03-07,408,28.56
172,2018-04-17,408,28.56
372,2018-11-03,412,28.84
763,2019-11-29,412,28.84
582,2019-06-01,412,28.84
872,2020-03-17,412,28.84
198,2018-05-13,412,28.84
91,2018-01-26,414,28.98
793,2019-12-29,416,29.12
212,2018-05-27,416,29.12
731,2019-10-28,418,29.26
672,2019-08-30,418,29.26
316,2018-09-08,418,29.26
836,2020-02-10,419,29.33
66,2018-01-01,420,29.4
721,2019-10-18,420,29.4
567,2019-05-17,421,29.47
29,2017-11-25,422,29.54
623,2019-07-12,422,29.54
747,2019-11-13,422,29.54
605,2019-06-24,422,29.54
759,2019-11-25,423,29.61
99,2018-02-03,423,29.61
492,2019-03-03,424,29.68
162,2018-04-07,425,29.75
408,2018-12-09,426,29.82
414,2018-12-15,427,29.89
516,2019-03-27,427,29.89
617,2019-07-06,427,29.89
630,2019-07-19,428,29.96
584,2019-06-03,429,30.03
846,2020-02-20,429,30.03
733,2019-10-30,429,30.03
264,2018-07-18,430,30.1
207,2018-05-22,430,30.1
754,2019-11-20,430,30.1
130,2018-03-06,431,30.17
72,2018-01-07,431,30.17
586,2019-06-05,432,30.24
608,2019-06-27,432,30.24
182,2018-04-27,432,30.24
263,2018-07-17,433,30.31
547,2019-04-27,433,30.31
693,2019-09-20,435,30.45
667,2019-08-25,435,30.45
311,2018-09-03,435,30.45
577,2019-05-27,439,30.73
864,2020-03-09,440,30.8
916,2020-04-30,441,30.87
411,2018-12-12,441,30.87
494,2019-03-05,442,30.94
335,2018-09-27,442,30.94
358,2018-10-20,442,30.94
568,2019-05-18,443,31.01
318,2018-09-10,443,31.01
20,2017-11-16,444,31.08
324,2018-09-16,445,31.15
700,2019-09-27,447,31.29
174,2018-04-19,448,31.36
361,2018-10-23,451,31.57
153,2018-03-29,451,31.57
228,2018-06-12,453,31.71
203,2018-05-18,454,31.78
223,2018-06-07,454,31.78
65,2017-12-31,454,31.78
385,2018-11-16,456,31.92
783,2019-12-19,459,32.13
658,2019-08-16,459,32.13
148,2018-03-24,459,32.13
328,2018-09-20,460,32.2
331,2018-09-23,460,32.2
393,2018-11-24,462,32.34
406,2018-12-07,466,32.62
365,2018-10-27,467,32.69
69,2018-01-04,467,32.69
742,2019-11-08,468,32.76
621,2019-07-10,470,32.9
457,2019-01-27,470,32.9
684,2019-09-11,472,33.04
553,2019-05-03,472,33.04
221,2018-06-05,472,33.04
792,2019-12-28,472,33.04
506,2019-03-17,472,33.04
583,2019-06-02,474,33.18
344,2018-10-06,474,33.18
714,2019-10-11,476,33.32
384,2018-11-15,477,33.39
686,2019-09-13,477,33.39
903,2020-04-17,478,33.46
103,2018-02-07,478,33.46
542,2019-04-22,478,33.46
639,2019-07-28,482,33.74
149,2018-03-25,482,33.74
236,2018-06-20,483,33.81
801,2020-01-06,484,33.88
804,2020-01-09,485,33.95
745,2019-11-11,485,33.95
420,2018-12-21,486,34.02
761,2019-11-27,486,34.02
564,2019-05-14,488,34.16
164,2018-04-09,488,34.16
809,2020-01-14,488,34.16
195,2018-05-10,488,34.16
559,2019-05-09,490,34.3
780,2019-12-16,490,34.3
186,2018-05-01,490,34.3
839,2020-02-13,491,34.37
319,2018-09-11,491,34.37
776,2019-12-12,492,34.44
545,2019-04-25,493,34.51
208,2018-05-23,493,34.51
736,2019-11-02,494,34.58
121,2018-02-25,497,34.79
134,2018-03-10,497,34.79
924,2020-05-08,498,34.86
479,2019-02-18,498,34.86
930,2020-05-14,500,35.0
272,2018-07-26,500,35.0
255,2018-07-09,501,35.07
6,2017-11-02,503,35.21
269,2018-07-23,503,35.21
703,2019-09-30,504,35.28
580,2019-05-30,505,35.35
145,2018-03-21,506,35.42
504,2019-03-15,507,35.49
167,2018-04-12,509,35.63
137,2018-03-13,510,35.7
875,2020-03-20,513,35.91
7,2017-11-03,513,35.91
235,2018-06-19,515,36.05
521,2019-04-01,515,36.05
362,2018-10-24,516,36.12
533,2019-04-13,517,36.19
696,2019-09-23,517,36.19
349,2018-10-11,519,36.33
381,2018-11-12,519,36.33
346,2018-10-08,522,36.54
500,2019-03-11,522,36.54
410,2018-12-11,523,36.61
407,2018-12-08,524,36.68
184,2018-04-29,526,36.82
632,2019-07-21,527,36.89
37,2017-12-03,527,36.89
92,2018-01-27,528,36.96
12,2017-11-08,529,37.03
307,2018-08-30,529,37.03
13,2017-11-09,529,37.03
394,2018-11-25,530,37.1
634,2019-07-23,532,37.24
132,2018-03-08,532,37.24
679,2019-09-06,533,37.31
229,2018-06-13,534,37.38
749,2019-11-15,534,37.38
32,2017-11-28,534,37.38
247,2018-07-01,535,37.45
794,2019-12-30,536,37.52
874,2020-03-19,537,37.59
442,2019-01-12,539,37.73
261,2018-07-15,539,37.73
15,2017-11-11,539,37.73
599,2019-06-18,540,37.8
176,2018-04-21,540,37.8
218,2018-06-02,540,37.8
635,2019-07-24,543,38.01
390,2018-11-21,546,38.22
756,2019-11-22,546,38.22
475,2019-02-14,547,38.29
44,2017-12-10,547,38.29
197,2018-05-12,549,38.43
337,2018-09-29,550,38.5
61,2017-12-27,550,38.5
719,2019-10-16,550,38.5
376,2018-11-07,551,38.57
594,2019-06-13,553,38.71
596,2019-06-15,554,38.78
522,2019-04-02,554,38.78
158,2018-04-03,555,38.85
607,2019-06-26,557,38.99
812,2020-01-17,557,38.99
18,2017-11-14,559,39.13
48,2017-12-14,559,39.13
8,2017-11-04,562,39.34
41,2017-12-07,563,39.41
62,2017-12-28,565,39.55
22,2017-11-18,565,39.55
713,2019-10-10,569,39.83
294,2018-08-17,570,39.9
271,2018-07-25,570,39.9
348,2018-10-10,571,39.97
704,2019-10-01,572,40.04
347,2018-10-09,573,40.11
509,2019-03-20,573,40.11
789,2019-12-25,574,40.18
222,2018-06-06,574,40.18
695,2019-09-22,574,40.18
141,2018-03-17,574,40.18
321,2018-09-13,574,40.18
310,2018-09-02,575,40.25
230,2018-06-14,575,40.25
9,2017-11-05,577,40.39
729,2019-10-26,577,40.39
692,2019-09-19,579,40.53
178,2018-04-23,579,40.53
397,2018-11-28,582,40.74
202,2018-05-17,584,40.88
199,2018-05-14,586,41.02
781,2019-12-17,586,41.02
725,2019-10-22,586,41.02
43,2017-12-09,586,41.02
626,2019-07-15,587,41.09
19,2017-11-15,588,41.16
314,2018-09-06,589,41.23
563,2019-05-13,589,41.23
493,2019-03-04,590,41.3
282,2018-08-05,592,41.44
27,2017-11-23,594,41.58
398,2018-11-29,594,41.58
4,2017-10-31,595,41.65
863,2020-03-08,598,41.86
922,2020-05-06,598,41.86
418,2018-12-19,599,41.93
900,2020-04-14,599,41.93
323,2018-09-15,600,42.0
677,2019-09-04,600,42.0
1,2017-10-28,601,42.07
185,2018-04-30,602,42.14
262,2018-07-16,602,42.14
181,2018-04-26,603,42.21
23,2017-11-19,603,42.21
333,2018-09-25,604,42.28
416,2018-12-17,604,42.28
25,2017-11-21,604,42.28
907,2020-04-21,605,42.35
260,2018-07-14,606,42.42
224,2018-06-08,606,42.42
845,2020-02-19,609,42.63
400,2018-12-01,609,42.63
581,2019-05-31,610,42.7
225,2018-06-09,610,42.7
57,2017-12-23,610,42.7
201,2018-05-16,611,42.77
928,2020-05-12,612,42.84
47,2017-12-13,613,42.91
419,2018-12-20,613,42.91
165,2018-04-10,613,42.91
350,2018-10-12,614,42.98
760,2019-11-26,615,43.05
852,2020-02-26,615,43.05
837,2020-02-11,615,43.05
242,2018-06-26,617,43.19
405,2018-12-06,617,43.19
495,2019-03-06,618,43.26
603,2019-06-22,621,43.47
16,2017-11-12,622,43.54
620,2019-07-09,623,43.61
386,2018-11-17,623,43.61
170,2018-04-15,625,43.75
35,2017-12-01,627,43.89
55,2017-12-21,628,43.96
810,2020-01-15,629,44.03
45,2017-12-11,631,44.17
77,2018-01-12,632,44.24
192,2018-05-07,633,44.31
518,2019-03-29,635,44.45
31,2017-11-27,639,44.73
33,2017-11-29,639,44.73
169,2018-04-14,639,44.73
570,2019-05-20,642,44.94
480,2019-02-19,642,44.94
640,2019-07-29,644,45.08
369,2018-10-31,644,45.08
213,2018-05-28,646,45.22
51,2017-12-17,649,45.43
2,2017-10-29,650,45.5
60,2017-12-26,652,45.64
357,2018-10-19,653,45.71
683,2019-09-10,655,45.85
226,2018-06-10,656,45.92
253,2018-07-07,656,45.92
486,2019-02-25,659,46.13
571,2019-05-21,662,46.34
336,2018-09-28,664,46.48
611,2019-06-30,665,46.55
579,2019-05-29,669,46.83
59,2017-12-25,669,46.83
155,2018-03-31,669,46.83
326,2018-09-18,670,46.9
624,2019-07-13,670,46.9
240,2018-06-24,676,47.32
220,2018-06-04,677,47.39
716,2019-10-13,678,47.46
374,2018-11-05,679,47.53
146,2018-03-22,681,47.67
160,2018-04-05,682,47.74
774,2019-12-10,684,47.88
147,2018-03-23,684,47.88
676,2019-09-03,686,48.02
392,2018-11-23,686,48.02
0,2017-10-27,687,48.09
268,2018-07-22,687,48.09
788,2019-12-24,688,48.16
243,2018-06-27,688,48.16
30,2017-11-26,690,48.3
210,2018-05-25,691,48.37
157,2018-04-02,691,48.37
205,2018-05-20,693,48.51
238,2018-06-22,693,48.51
285,2018-08-08,695,48.65
902,2020-04-16,695,48.65
34,2017-11-30,696,48.72
556,2019-05-06,700,49.0
259,2018-07-13,700,49.0
256,2018-07-10,702,49.14
631,2019-07-20,703,49.21
354,2018-10-16,704,49.28
38,2017-12-04,705,49.35
265,2018-07-19,706,49.42
551,2019-05-01,709,49.63
448,2019-01-18,710,49.7
539,2019-04-19,713,49.91
315,2018-09-07,713,49.91
10,2017-11-06,714,49.98
215,2018-05-30,715,50.05
598,2019-06-17,716,50.12
440,2019-01-10,716,50.12
334,2018-09-26,720,50.4
602,2019-06-21,720,50.4
935,2020-05-19,722,50.54
152,2018-03-28,722,50.54
168,2018-04-13,724,50.68
196,2018-05-11,728,50.96
529,2019-04-09,730,51.1
26,2017-11-22,731,51.17
258,2018-07-12,732,51.24
451,2019-01-21,735,51.45
191,2018-05-06,736,51.52
600,2019-06-19,736,51.52
58,2017-12-24,737,51.59
454,2019-01-24,739,51.73
138,2018-03-14,742,51.94
56,2017-12-22,744,52.08
691,2019-09-18,745,52.15
327,2018-09-19,745,52.15
717,2019-10-14,750,52.5
503,2019-03-14,752,52.64
28,2017-11-24,752,52.64
163,2018-04-08,756,52.92
173,2018-04-18,760,53.2
862,2020-03-07,760,53.2
395,2018-11-26,761,53.27
501,2019-03-12,764,53.48
685,2019-09-12,766,53.62
139,2018-03-15,767,53.69
46,2017-12-12,767,53.69
367,2018-10-29,768,53.76
511,2019-03-22,769,53.83
633,2019-07-22,770,53.9
530,2019-04-10,771,53.97
83,2018-01-18,771,53.97
412,2018-12-13,773,54.11
548,2019-04-28,774,54.18
424,2018-12-25,780,54.6
244,2018-06-28,782,54.74
206,2018-05-21,784,54.88
478,2019-02-17,785,54.95
171,2018-04-16,785,54.95
543,2019-04-23,788,55.16
546,2019-04-26,789,55.23
86,2018-01-21,789,55.23
886,2020-03-31,790,55.3
5,2017-11-01,792,55.44
779,2019-12-15,798,55.86
502,2019-03-13,801,56.07
375,2018-11-06,802,56.14
834,2020-02-08,804,56.28
180,2018-04-25,806,56.42
179,2018-04-24,806,56.42
251,2018-07-05,808,56.56
14,2017-11-10,808,56.56
844,2020-02-18,810,56.7
814,2020-01-19,811,56.77
187,2018-05-02,811,56.77
67,2018-01-02,813,56.91
325,2018-09-17,814,56.98
11,2017-11-07,815,57.05
231,2018-06-15,815,57.05
70,2018-01-05,817,57.19
80,2018-01-15,817,57.19
510,2019-03-21,824,57.68
532,2019-04-12,824,57.68
42,2017-12-08,828,57.96
250,2018-07-04,830,58.1
227,2018-06-11,837,58.59
142,2018-03-18,837,58.59
487,2019-02-26,839,58.73
216,2018-05-31,840,58.8
830,2020-02-04,846,59.22
189,2018-05-04,848,59.36
74,2018-01-09,848,59.36
283,2018-08-06,851,59.57
702,2019-09-29,853,59.71
364,2018-10-26,854,59.78
36,2017-12-02,854,59.78
21,2017-11-17,854,59.78
549,2019-04-29,855,59.85
832,2020-02-06,857,59.99
322,2018-09-14,858,60.06
512,2019-03-23,859,60.13
437,2019-01-07,864,60.48
81,2018-01-16,866,60.62
524,2019-04-04,866,60.62
193,2018-05-08,867,60.69
389,2018-11-20,868,60.76
88,2018-01-23,879,61.53
835,2020-02-09,881,61.67
523,2019-04-03,882,61.74
853,2020-02-27,887,62.09
622,2019-07-11,888,62.16
914,2020-04-28,895,62.65
360,2018-10-22,899,62.93
815,2020-01-20,901,63.07
150,2018-03-26,904,63.28
899,2020-04-13,908,63.56
90,2018-01-25,908,63.56
200,2018-05-15,913,63.91
535,2019-04-15,917,64.19
415,2018-12-16,922,64.54
544,2019-04-24,925,64.75
423,2018-12-24,925,64.75
209,2018-05-24,926,64.82
298,2018-08-21,930,65.1
396,2018-11-27,931,65.17
383,2018-11-14,934,65.38
64,2017-12-30,937,65.59
3,2017-10-30,939,65.73
190,2018-05-05,946,66.22
102,2018-02-06,948,66.36
698,2019-09-25,949,66.43
175,2018-04-20,950,66.5
166,2018-04-11,951,66.57
401,2018-12-02,952,66.64
151,2018-03-27,952,66.64
854,2020-02-28,963,67.41
465,2019-02-04,965,67.55
159,2018-04-04,965,67.55
689,2019-09-16,968,67.76
54,2017-12-20,969,67.83
647,2019-08-05,972,68.04
257,2018-07-11,974,68.18
82,2018-01-17,981,68.67
652,2019-08-10,981,68.67
894,2020-04-08,983,68.81
527,2019-04-07,987,69.09
712,2019-10-09,996,69.72
143,2018-03-19,997,69.79
592,2019-06-11,1001,70.07
133,2018-03-09,1003,70.21
87,2018-01-22,1004,70.28
39,2017-12-05,1004,70.28
249,2018-07-03,1005,70.35
675,2019-09-02,1007,70.49
183,2018-04-28,1008,70.56
933,2020-05-17,1012,70.84
614,2019-07-03,1012,70.84
40,2017-12-06,1013,70.91
248,2018-07-02,1015,71.05
399,2018-11-30,1019,71.33
432,2019-01-02,1026,71.82
113,2018-02-17,1030,72.1
797,2020-01-02,1031,72.17
489,2019-02-28,1037,72.59
609,2019-06-28,1039,72.73
50,2017-12-16,1044,73.08
585,2019-06-04,1044,73.08
711,2019-10-08,1044,73.08
24,2017-11-20,1044,73.08
723,2019-10-20,1047,73.29
645,2019-08-03,1057,73.99
53,2017-12-19,1058,74.06
52,2017-12-18,1058,74.06
403,2018-12-04,1059,74.13
85,2018-01-20,1074,75.18
156,2018-04-01,1074,75.18
625,2019-07-14,1078,75.46
682,2019-09-09,1078,75.46
668,2019-08-26,1081,75.67
129,2018-03-05,1101,77.07
443,2019-01-13,1105,77.35
123,2018-02-27,1105,77.35
929,2020-05-13,1108,77.56
154,2018-03-30,1112,77.84
320,2018-09-12,1120,78.4
819,2020-01-24,1121,78.47
239,2018-06-23,1128,78.96
144,2018-03-20,1130,79.1
578,2019-05-28,1131,79.17
107,2018-02-11,1135,79.45
481,2019-02-20,1136,79.52
75,2018-01-10,1139,79.73
63,2017-12-29,1141,79.87
882,2020-03-27,1142,79.94
482,2019-02-21,1148,80.36
96,2018-01-31,1153,80.71
78,2018-01-13,1159,81.13
177,2018-04-22,1169,81.83
245,2018-06-29,1175,82.25
591,2019-06-10,1187,83.09
97,2018-02-01,1192,83.44
715,2019-10-12,1200,84.0
122,2018-02-26,1202,84.14
865,2020-03-10,1203,84.21
241,2018-06-25,1205,84.35
219,2018-06-03,1206,84.42
515,2019-03-26,1207,84.49
204,2018-05-19,1208,84.56
49,2017-12-15,1217,85.19
795,2019-12-31,1218,85.26
738,2019-11-04,1220,85.4
785,2019-12-21,1232,86.24
89,2018-01-24,1235,86.45
84,2018-01-19,1235,86.45
455,2019-01-25,1238,86.66
671,2019-08-29,1240,86.8
140,2018-03-16,1251,87.57
304,2018-08-27,1253,87.71
76,2018-01-11,1256,87.92
669,2019-08-27,1257,87.99
17,2017-11-13,1262,88.34
550,2019-04-30,1267,88.69
136,2018-03-12,1274,89.18
338,2018-09-30,1290,90.3
368,2018-10-30,1301,91.07
308,2018-08-31,1311,91.77
829,2020-02-03,1329,93.03
778,2019-12-14,1357,94.99
805,2020-01-10,1360,95.2
71,2018-01-06,1364,95.48
237,2018-06-21,1370,95.9
851,2020-02-25,1391,97.37
650,2019-08-08,1393,97.51
879,2020-03-24,1413,98.91
431,2019-01-01,1427,99.89
409,2018-12-10,1443,100.0
73,2018-01-08,1445,100.0
452,2019-01-22,1447,100.0
104,2018-02-08,1447,100.0
428,2018-12-29,1466,100.0
300,2018-08-23,1470,100.0
232,2018-06-16,1476,100.0
843,2020-02-17,1480,100.0
616,2019-07-05,1491,100.0
382,2018-11-13,1493,100.0
217,2018-06-01,1493,100.0
124,2018-02-28,1499,100.0
660,2019-08-18,1503,100.0
329,2018-09-21,1515,100.0
670,2019-08-28,1525,100.0
355,2018-10-17,1557,100.0
453,2019-01-23,1560,100.0
125,2018-03-01,1567,100.0
305,2018-08-28,1570,100.0
800,2020-01-05,1585,100.0
497,2019-03-08,1597,100.0
252,2018-07-06,1599,100.0
306,2018-08-29,1624,100.0
445,2019-01-15,1656,100.0
909,2020-04-23,1667,100.0
662,2019-08-20,1703,100.0
447,2019-01-17,1706,100.0
470,2019-02-09,1777,100.0
536,2019-04-16,1808,100.0
288,2018-08-11,1835,100.0
101,2018-02-05,1854,100.0
303,2018-08-26,1902,100.0
818,2020-01-23,1923,100.0
312,2018-09-04,1966,100.0
681,2019-09-08,2056,100.0
126,2018-03-02,2057,100.0
483,2019-02-22,2091,100.0
105,2018-02-09,2150,100.0
438,2019-01-08,2252,100.0
859,2020-03-04,2284,100.0
98,2018-02-02,2292,100.0
302,2018-08-25,2331,100.0
802,2020-01-07,2335,100.0
114,2018-02-18,2339,100.0
848,2020-02-22,2352,100.0
290,2018-08-13,2361,100.0
488,2019-02-27,2389,100.0
297,2018-08-20,2441,100.0
284,2018-08-07,2498,100.0
436,2019-01-06,2526,100.0
128,2018-03-04,2836,100.0
827,2020-02-01,2883,100.0
806,2020-01-11,2895,100.0
94,2018-01-29,3014,100.0
823,2020-01-28,3142,100.0
301,2018-08-24,3193,100.0
79,2018-01-14,3270,100.0
663,2019-08-21,3472,100.0
313,2018-09-05,3502,100.0
657,2019-08-15,3669,100.0
450,2019-01-20,3787,100.0
467,2019-02-06,3848,100.0
111,2018-02-15,3965,100.0
505,2019-03-16,4396,100.0
828,2020-02-02,4424,100.0
68,2018-01-03,4893,100.0
278,2018-08-01,4964,100.0
108,2018-02-12,5000,100.0
458,2019-01-28,5014,100.0
910,2020-04-24,5159,100.0
