index,tags,hits,count
0,2017级青马班,1270,1
1,CPS-DSC实验室办公室,423,1
2,EMBA校友会,682,1
3,ICT中心,3401,2
4,KAB创业俱乐部,556,1
5,MBA,682,1
6,《物联网与社会生活》课程组,174,1
7,丁佳昀,326,1
8,丁佳欣,187,1
9,丁克,274,1
10,丁勇,302,1
11,丁南陵,605,1
12,丁响,507,1
13,丁婵,221,1
14,丁宁,819,1
15,丁敬,420,1
16,丁文浩,271,1
17,丁浩江,158,1
18,丁点尔,1330,4
19,丁羽,806,3
20,丁艳,807,1
21,丁苗,1583,1
22,万宇,144,1
23,万小川,648,2
24,万小英,2087,5
25,万志斌,260,1
26,万芳维,213,1
27,万融,786,1
28,严如,687,1
29,严娇,496,1
30,严婷婷,169,1
31,严旻月,253,1
32,严涵,489,1
33,严芹,1310,2
34,中国自然资源学会资源法学专业委员会秘书处,253,1
35,中青在线,174,1
36,丰宇宸,2541,3
37,主题教育学习宣传组,4719,4
38,乒乓球协会,178,1
39,乔臻,347,1
40,乔阳,210,1
41,习锐,602,1
42,买瑛,293,1
43,于京伦,973,2
44,于传洁,20172,35
45,于佳佳,1381,4
46,于力华,4804,3
47,于婉麟,157,1
48,于婷婷,372,2
49,于子贤,1140,3
50,于子雯,1091,3
51,于文豪,1061,2
52,于文超,967,1
53,于晴,963,3
54,云展,7916,8
55,亓传宇,170,1
56,产业技术研究院,7583,5
57,产业院,4167,3
58,产研院,246,1
59,人事处,86589,59
60,人文学部,6967,11
61,人民网,203,1
62,仉文岗,223,1
63,付修远,3968,8
64,付国楷,1075,1
65,付媛,917,2
66,付子渝,356,2
67,付彦博,4217,5
68,付彩红,4053,8
69,付成贵,181,1
70,付扬,292,1
71,付皓玥,15560,14
72,付红桥,230,1
73,付豪,762,3
74,付达超,1581,5
75,付鹏,592,1
76,仝童,275,1
77,代思越,7717,20
78,代文行,190,1
79,代渝,1066,3
80,代礼忠,2757,5
81,代若男,2699,8
82,任为,482,1
83,任华玲,4090,1
84,任娅,120,1
85,任学智,192,1
86,任晓宇,207,1
87,任杰,137,1
88,任柯欣,253,1
89,任浩,519,3
90,任睿,115,1
91,任茂智,609,1
92,任超,5035,8
93,任金阳,1184,1
94,企业协同创新培训中心,1329,4
95,伊浩,843,2
96,伍三国,6861,2
97,伍丹,1160,6
98,伍丽,16593,31
99,伍云天,587,1
100,伍含月,347,1
101,伍梁永,3442,7
102,伍玲,923,1
103,伍睿洁,610,2
104,伍胜强,180,1
105,传动机械国家重点实验室,282,1
106,伯维晨,2320,4
107,但华阳,30782,26
108,但晓群,209,1
109,位龙飞,212,1
110,体育学院,29501,78
111,何一,1265,4
112,何丹,4994,9
113,何丽玲,10205,18
114,何丽莹,718,3
115,何书麒,424,1
116,何亭亭,2134,3
117,何佳佳,34813,57
118,何修竹,285,1
119,何健,2262,1
120,何光玺,580,1
121,何兵,750,1
122,何剑波,513,1
123,何培,204,1
124,何娅,382,1
125,何婧宇,234,1
126,何子奇,382,1
127,何宁,7729,13
128,何宇,333,2
129,何宣辰,697,3
130,何家豪,653,2
131,何容,298,1
132,何岱旭,342,2
133,何巧艺,16631,44
134,何希,491,1
135,何建华,468,1
136,何怀丞,229,1
137,何思琪,1712,2
138,何想,501,1
139,何敏,3008,2
140,何星宇,410,1
141,何昱锋,315,1
142,何晓敏,380,1
143,何晶,7813,19
144,何欢,45695,14
145,何欣,602,1
146,何欣忆,4263,3
147,何欣隆,666,1
148,何江,426,1
149,何沛姝,396,1
150,何浩楠,803,3
151,何海洋,364,1
152,何涛,524,1
153,何燕君,785,1
154,何璇,146,1
155,何紫田,1140,5
156,何翔,2940,2
157,何舒,399,1
158,何艺欣,1091,3
159,何芹,489,1
160,何苗苗,1078,3
161,何蕊,1048,3
162,何薇,7766,27
163,何诗璐,138,1
164,何远欣,301,1
165,何金香,514,1
166,何钰,197,1
167,何雷,1688,2
168,何骞,1473,3
169,佘加,759,1
170,余丽丽,569,1
171,余亚岚,138,1
172,余佳洪,1365,4
173,余华君,184,1
174,余子凯,533,1
175,余文轴,358,1
176,余林蔓,12664,18
177,余梦笛,1047,4
178,余欣,1168,2
179,余永香,200,1
180,余江,941,2
181,余洁,382,1
182,余洋,319,1
183,余淼,578,1
184,余珣,3444,2
185,余璐,144,1
186,余甘凤,3021,5
187,余茜,438,1
188,余莉,1647,1
189,余路,3083,6
190,余馀,7312,8
191,佚名,2166,7
192,作者,817,2
193,供稿,918,1
194,侯世英,1918,2
195,侯云辉,947,4
196,侯文生,1484,3
197,侯欣蕾,400,1
198,侯自兵,358,1
199,侯茜苑,3886,3
200,侯雨亭,318,1
201,侯霞,515,1
202,保卫处,279,1
203,保卫部,59166,81
204,俞佳遥,872,1
205,俞柔雪,269,1
206,俞盈驰,979,2
207,信息化办公室,12469,20
208,信息学部,4022,8
209,倪尧,338,1
210,倪恒欣,6822,4
211,倪秋亚,671,1
212,倪靖天,388,1
213,傅万方,934,2
214,傅丹丹,2838,2
215,傅之子,858,2
216,傅小瑜,466,2
217,傅彬彬,247,1
218,傅思思,1602,3
219,傅晏,268,1
220,傅杨庆,336,1
221,傅桢晗,2406,3
222,傅珏忻,2751,2
223,傅琳凡,430,2
224,傅鑫,466,1
225,先志强,1142,2
226,先进技术研究院,22794,27
227,光电工程学院,92720,215
228,党务管理培训中心,644,2
229,党团先锋队,167,1
230,党委保卫部,772,1
231,党委党校办公室,385,1
232,党委办公室,135499,100
233,党委宣传部统稿,2889,1
234,党委巡察工作办公室,32867,28
235,党委教师工作部,2150,1
236,党委研究生工作部,2512,1
237,党委组织部,413,1
238,党路亮,942,1
239,全聆丹,533,1
240,公共管理学院,45857,109
241,公共管理学院校友办,313,1
242,公共管理系,317,1
243,兰冬霞,460,2
244,兰声霞,14833,30
245,兰青青,1009,4
246,共青团重庆大学委员会,2791,1
247,共青团重庆大学研究生委员会,681,1
248,关慧,75420,56
249,关智宇,3150,1
250,关雪芹,1299,1
251,关颖,1458,3
252,内分泌,123,1
253,冉一帆,292,1
254,冉伟,327,1
255,冉向炜,799,2
256,冉婷婷,251,1
257,冉峰,273,1
258,冉思奇,308,1
259,冉戎,802,2
260,冉春玲,421,1
261,冉松,1960,3
262,冉浙江,2634,7
263,冉海燕,382,1
264,冉璐璐,5677,3
265,冉茉莉,516,1
266,冉蔚然,5061,10
267,冉金海,372,1
268,冉鑫,1893,5
269,冉雪娇,386,2
270,冯丹,293,1
271,冯仁敏,9648,23
272,冯婷,2743,2
273,冯婷婷,3672,1
274,冯媛媛,496,1
275,冯宗强,299,1
276,冯巨澜,1715,2
277,冯晓曦,250,1
278,冯李子,978,2
279,冯杰,173,1
280,冯林玲,447,2
281,冯梅,2222,5
282,冯梓峰,429,2
283,冯楚滢,738,2
284,冯欣艳,1640,5
285,冯永,329,1
286,冯海玲,381,1
287,冯玲,4588,8
288,冯璐,607,2
289,冯金印,836,3
290,冯鑫鑫,115,1
291,冯顺,139,1
292,冯麟涵,190,1
293,冯黎明,442,2
294,况成泉,4477,3
295,况祖银,1133,1
296,况艳刚,1009,3
297,冷坤,545,2
298,凌发平,452,1
299,凌潇颖,11848,19
300,出版社,9231,21
301,刁江,543,1
302,分析测试中心,1828,3
303,刘一林,166,1
304,刘世红,299,1
305,刘东堃,27721,14
306,刘丹丹,200,1
307,刘丽娟,531,3
308,刘书彤,498,2
309,刘书琴,259,1
310,刘亚寅,1182,3
311,刘伶俐,325,1
312,刘佳,6968,7
313,刘佳君,1506,2
314,刘佳琪,325,1
315,刘俊,1400,2
316,刘修阳,21690,27
317,刘倩,227,1
318,刘兴飞,579,1
319,刘凯,541,1
320,刘力维,809,1
321,刘勇,8671,22
322,刘华,66,1
323,刘叶新,213,1
324,刘后常,1307,2
325,刘向阳,1900,5
326,刘吕园,1627,3
327,刘和鑫,252,1
328,刘啟文,795,1
329,刘嘉慧,1850,5
330,刘国兴,320,1
331,刘国祥,163,1
332,刘培,5304,29
333,刘大伟,187,1
334,刘姝君,332,1
335,刘婧,416,1
336,刘婷婷,1357,3
337,刘子敬,4019,10
338,刘孟君,217,1
339,刘孟秋,1105,4
340,刘学强,488,1
341,刘学敏,214,1
342,刘宇鹏,172,1
343,刘家文,310,1
344,刘寅,134,1
345,刘富樯,475,2
346,刘寒,260,1
347,刘寒冰,159,1
348,刘小雪,6962,23
349,刘岩冰,345,1
350,刘帅,869,1
351,刘帅源,286,2
352,刘平安,837,1
353,刘广顺,220,1
354,刘庆,402,1
355,刘强,902,2
356,刘彬成,6317,5
357,刘彰麒,1060,2
358,刘德伟,696,2
359,刘心荷,1450,5
360,刘志,9279,27
361,刘志勇,2780,11
362,刘志超,239,1
363,刘志鹏,578,2
364,刘念,10824,22
365,刘怀举,2884,1
366,刘思,139,1
367,刘思羽,1355,2
368,刘悦丹,335,1
369,刘慧君,3841,2
370,刘懿阳,3177,2
371,刘才碧,416,1
372,刘扬,244,1
373,刘文思,1161,2
374,刘文谷,773,3
375,刘文静,2941,8
376,刘新星,17429,14
377,刘方浩,527,1
378,刘旭圆,729,2
379,刘明坤,9376,8
380,刘明贤,1289,6
381,刘星,493,2
382,刘春晖,282,1
383,刘春泳,146,1
384,刘春荣,2442,1
385,刘昱含,1519,5
386,刘昱彤,185,1
387,刘昱歆,158,1
388,刘昳,127,1
389,刘晋,421,1
390,刘晓芳,337,1
391,刘晨颖,174,1
392,刘晰钥,3301,4
393,刘杰妮,242,1
394,刘果果,2985,2
395,刘枫,186,1
396,刘栩妤,1263,1
397,刘梦婷,258,1
398,刘森昊,6128,4
399,刘楠紫沁,462,1
400,刘殷孜,311,1
401,刘毅,162,1
402,刘永潇,186,1
403,刘江江,341,1
404,刘治江,1092,3
405,刘泌吟,1766,4
406,刘泽恒,408,1
407,刘洋,740,4
408,刘浩,2507,5
409,刘浪,487,2
410,刘海明,217,1
411,刘涛,212,1
412,刘润宗,474,1
413,刘涵,422,1
414,刘淳,210,1
415,刘灯龙,402,1
416,刘烊,297,1
417,刘熠怡,718,1
418,刘玉兵,277,1
419,刘玉菲,371,1
420,刘玥彤,256,1
421,刘玮璠,1017,2
422,刘玲,23200,10
423,刘珏麟,1038,1
424,刘瑜,12722,12
425,刘瑶璐,272,1
426,刘璟,254,1
427,刘畅,24183,44
428,刘皓,2721,3
429,刘盈盈,829,1
430,刘礼,644,1
431,刘素羽,6365,8
432,刘红,302,1
433,刘红婧,654,1
434,刘红洁,332,1
435,刘胜男,691,1
436,刘舜尧,488,2
437,刘艺璇,895,1
438,刘芝延,341,1
439,刘芳,2847,3
440,刘芳兵,174,1
441,刘莉,5847,15
442,刘莎莎,153,1
443,刘萱萱,254,1
444,刘葳,2591,6
445,刘蓓,1114,3
446,刘虎,319,1
447,刘虹余,313,1
448,刘西蓉,589,2
449,刘许旸,2507,1
450,刘贵刻,780,2
451,刘越宇,138,1
452,刘辰,306,1
453,刘通,3659,3
454,刘鑫,305,1
455,刘鑫婷,184,1
456,刘铎,3022,3
457,刘长鑫,335,1
458,刘阳,417,1
459,刘雅丽,853,2
460,刘雨果,286,1
461,刘雨生,335,1
462,刘雪颖,9681,8
463,刘霖,1830,4
464,刘霜,8147,34
465,刘靓,14540,21
466,刘静静,1692,3
467,刘颖,1759,2
468,刘飞逸,387,1
469,刘香冶,268,1
470,刘鹏,2524,4
471,刘鹏坤,139,1
472,刘鹏祥,1461,4
473,刘鹏飞,6386,3
474,刘齐,572,1
475,刘龙燕,1318,2
476,创客联盟,540,2
477,前沿交叉学科研究院,29355,21
478,包安泽,698,1
479,包晗,126240,106
480,化学化工学院,116886,271
481,医学部,1901,5
482,医学院,6341,1
483,医学院),37291,25
484,医学高等研究院,37291,25
485,十院联合寻访团队,277,1
486,华珺,142,1
487,华龙网,2442,1
488,华龙网李婷婷,957,1
489,华龙网记者,34244,2
490,卓心玥,899,1
491,卓立,2215,8
492,单倩澜,5489,6
493,博雅学院,54416,132
494,博雅学院学生会宣传部,437,1
495,卜晓梅,146,1
496,卢倩云,2096,2
497,卢勉之,154,1
498,卢安琪,159,1
499,卢彦君,231,1
500,卢志良,426,2
501,卢慧,952,4
502,卢旭东,794,1
503,卢波尔,586,3
504,卢瑾,1060,1
505,卢邻同,168,1
506,卢锐,12755,7
507,卢雨蓉,894,2
508,卢黎,506,2
509,卫婷婷,1343,3
510,卫家林,1610,3
511,卫薇,153,1
512,印伊玲,10193,31
513,卿萍萍,870,3
514,厉宣浩,2678,9
515,发展研究中心,8456,6
516,发展规划处,25266,9
517,古丽娅·吐尼牙孜,1211,2
518,古励,1290,2
519,古希,2432,7
520,古曦,354,1
521,史丹,532,1
522,史丽,350,1
523,史志雯,2318,1
524,史方晨,161,1
525,史罗克,337,2
526,史若潼,638,2
527,史超群,2374,11
528,史骥,484,1
529,叶亚丽,1279,3
530,叶传增,1773,3
531,叶伦辉,404,2
532,叶佳敏,238,1
533,叶倩,627,4
534,叶嘉,1300,10
535,叶小源,1727,8
536,叶庭宇,502,1
537,叶晓婷,702,2
538,叶曦雨,728,2
539,叶永红,14324,19
540,叶相国,1145,1
541,叶紫雯,143,1
542,叶蕾,4856,5
543,叶静,473,3
544,叶颖,11779,24
545,吉悦,1586,5
546,吉洪蕾,667,1
547,吉秋牧,684,2
548,后勤处,3020,1
549,后勤管理处,56056,68
550,向优,356,1
551,向伟,444,1
552,向冰冰,9161,40
553,向妍琪,6314,15
554,向娅,476,1
555,向娟,2838,6
556,向宏,409,1
557,向定文,576,1
558,向晨茜,1645,5
559,向橙昱,9294,25
560,向洪怡,2073,4
561,向祖兵,925,1
562,向章婷,37210,32
563,向缨竹,2080,4
564,向芬,516,1
565,向逸一,385,1
566,向青青,5694,27
567,吕俊蒙,1076,3
568,吕婉婷,403,1
569,吕婷,160,1
570,吕学伟,271,1
571,吕山,2405,2
572,吕峥,393,1
573,吕建斌,590,2
574,吕开朗,671,2
575,吕敏,1374,2
576,吕晋贤,3646,4
577,吕松洋,1863,5
578,吕森,651,1
579,吕浩明,602,2
580,吕红能,82,1
581,吕龙臣,250,1
582,吴东,1303,2
583,吴东东,699,1
584,吴东冬,4578,8
585,吴东洋,2020,10
586,吴亚宁,251,1
587,吴伟,1701,5
588,吴佳梁,494,1
589,吴凡,1256,1
590,吴博,298,1
591,吴友华,5707,6
592,吴嘉钦,349,2
593,吴奕佳,641,1
594,吴姗珊,6371,2
595,吴娇,307,1
596,吴宇,721,1
597,吴宗红,3188,4
598,吴寿荣,2043,2
599,吴小云,567,2
600,吴小玉,12606,7
601,吴己雨,855,1
602,吴思多,3541,4
603,吴恒亮,502,3
604,吴慧蕾,631,1
605,吴成彬,524,1
606,吴成秋,221,1
607,吴敏,865,1
608,吴昊,1500,1
609,吴明华,370,2
610,吴明朗,2399,3
611,吴春生,1078,4
612,吴春联,3261,8
613,吴晓奕,745,2
614,吴智睿,478,1
615,吴杨,158,1
616,吴林全,1146,3
617,吴柯锦,222,1
618,吴桂林,1228,1
619,吴桐,299,1
620,吴梦莹,6428,18
621,吴正豪,273,1
622,吴江健,1226,1
623,吴江建,3206,9
624,吴汶庭,198,1
625,吴海波,207,1
626,吴清清,302,1
627,吴潇,1804,9
628,吴炯,24170,22
629,吴炳泽,316,1
630,吴燕,223,1
631,吴瑶,2009,3
632,吴生亮,313,1
633,吴盈章,712,2
634,吴睿婷,866,3
635,吴礼波,1231,1
636,吴章倩,1055,4
637,吴章茜,308,1
638,吴艳梅,698,1
639,吴艳玲,548,1
640,吴艺,949,6
641,吴芳,4471,2
642,吴范梅,74,1
643,吴薇,363,1
644,吴诗婕,127,1
645,吴迪,2318,1
646,吴逸之,147,1
647,吴量,703,2
648,吴雨倩,1316,2
649,吴雨璟,3751,2
650,吴鹏,1432,4
651,吴龙华,1686,1
652,周世杰,530,1
653,周乘阳,296,1
654,周亚奥,532,1
655,周亿,59575,9
656,周伟,132,1
657,周佳,151,1
658,周元杰,1203,1
659,周剑,3087,4
660,周勤,845,2
661,周华伟,259,1
662,周可颖,340,2
663,周君洁,888,4
664,周大秋,2792,4
665,周天珂,843,3
666,周孝玲,2484,4
667,周宇,604,3
668,周宗润,417,1
669,周小婉,962,1
670,周峻颖,3856,1
671,周庆,423,1
672,周建林,15695,13
673,周彦余,289,1
674,周志逸,502,1
675,周思余,3518,4
676,周政桥,3989,9
677,周敏,114,1
678,周文倩,363,1
679,周文韬,511,1
680,周新林,182,1
681,周旋,586,1
682,周旭,872,4
683,周旭颂川,366,1
684,周易,498,2
685,周春秀,242,1
686,周昭旭,471,1
687,周晓东,4510,6
688,周晓梅,834,2
689,周永阔,1202,1
690,周求章,223,1
691,周沂,665,3
692,周沫,961,3
693,周洋,1729,5
694,周洪运,591,2
695,周润哲,423,2
696,周燕,747,2
697,周玉萍,1110,3
698,周珉瑞,997,1
699,周瑶琴,126,1
700,周瑾,355,1
701,周璇,476,2
702,周紫荆,173,1
703,周红坊,1707,1
704,周红耀,348,1
705,周航,185,1
706,周航宇,511,1
707,周艳,1157,4
708,周艳林,8634,7
709,周艺璇,5305,10
710,周若茜,327,1
711,周草臣,520,2
712,周莎,795,3
713,周莹,540,5
714,周言,25554,22
715,周谢文,212,1
716,周豪,251,1
717,周财红,479,1
718,周起闻,154,1
719,周轲儒,637,1
720,周辉,15509,4
721,周逸群,164,1
722,周钰泽,370,1
723,周静,2059,2
724,周魏,1441,1
725,周鼎,169,1
726,呼林涛,1880,1
727,咸坤泽,844,2
728,唐丽琼,17741,18
729,唐俊贤,1232,3
730,唐娟,224,1
731,唐子涵,275,1
732,唐子钊,462,1
733,唐帆,552,2
734,唐德莎,4145,5
735,唐旭,6388,8
736,唐智,134,1
737,唐杰,639,2
738,唐柳,879,1
739,唐梦蝶,188,1
740,唐榛,277,1
741,唐涛,220,1
742,唐煦,1820,2
743,唐爱杰,294,1
744,唐璇,197,1
745,唐红琴,11380,6
746,唐腾龙,1698,5
747,唐艺,2337,1
748,唐荣欣,2381,1
749,唐荧霜,365,1
750,唐蓥松,913,2
751,唐诗雨,178,1
752,唐郭梦,906,2
753,唐露,1512,1
754,唱婷婷,799,2
755,商芮嘉,420,1
756,商金艳,6978,14
757,喻亦兰,195,1
758,喻俊吉,115,1
759,喻思言,579,1
760,喻惠,2850,6
761,喻玲,1868,3
762,喻祥源,113,1
763,喻静为,230,1
764,团委学生会新闻部,586,1
765,国内合作办公室,56000,51
766,国际合作与交流处,7723,5
767,国际处,96145,71
768,国际学院,16146,19
769,图书馆,128283,224
770,图片,199,1
771,图管会,3672,13
772,图管会唐俊贤,399,1
773,土木学院文宣部,383,1
774,土木工程学院,221492,540
775,土木工程学院党委,234,1
776,培养科,513,1
777,培训班学员,367,1
778,基建处,3020,1
779,基建规划处,15614,21
780,夏丹,1593,1
781,夏俊豪,396,1
782,夏圣垣,673,2
783,夏天翔,422,3
784,夏子惠,824,3
785,夏学高,452,1
786,夏小婷,2229,4
787,夏小宁,682,1
788,夏小月,597,1
789,夏征骅,292,1
790,夏昌杰,3167,2
791,夏晓宇,126,1
792,夏月,315,1
793,夏梦菲,1171,2
794,夏欢,14936,13
795,夏汝立,5497,10
796,夏琴,239,1
797,夏璐璐,1175,1
798,夏知姿,567,1
799,夏纯皇,339,2
800,夏英伦,2152,4
801,夏莹,82805,16
802,夏莹整理,1486,1
803,夏进军,2331,2
804,夏鑫,189,1
805,夏钲骅,238,1
806,夏银霜,4887,3
807,夏雪,776,2
808,夏露严,144,1
809,夏香凝,125,1
810,外国语学院,31052,84
811,外语学院,4273,2
812,大学科技园办公室,20819,47
813,大数据与软件学院,128886,310
814,奚锐,207,1
815,姚倩,267,1
816,姚吾德馨,152,1
817,姚培,649,2
818,姚娟妮,1035,3
819,姚尧,3808,5
820,姚杰,846,2
821,姚欣佑,495,1
822,姚欣磊,163,1
823,姚欣雨,1953,8
824,姚永平,1937,4
825,姚猛,1465,3
826,姚翔曦,194,1
827,姚辉省,17122,1
828,姚雪,886,2
829,姚鹏志,254,1
830,姜云轩,650,1
831,姜再娌,124,1
832,姜志锦,457,2
833,姜林,3559,4
834,姜雪,296,1
835,姜雪峰,964,1
836,姜鲁宁,29986,27
837,姬星,156,1
838,娄思未,229,2
839,孔令峰,2076,1
840,孔明星,545,1
841,孔玉舒,303,1
842,孔皓,495,1
843,孔莉梅,355,1
844,孙世帅,700,1
845,孙丰伟,289,1
846,孙为群,7646,10
847,孙伟,1388,1
848,孙伟彤,408,1
849,孙凤祥,192,1
850,孙凯瑶,830,1
851,孙培燕,194,1
852,孙宽,500,1
853,孙川,1018,2
854,孙德晟,192,1
855,孙文轩,1281,7
856,孙昌文,1671,4
857,孙曼琳,357,1
858,孙杨柳,237,1
859,孙杰,297,1
860,孙楠,166,1
861,孙江林,613,1
862,孙浩菡,885,3
863,孙潇霞,506,1
864,孙炜,505,1
865,孙琦,502,1
866,孙琳,235,1
867,孙瑛瑛,372,1
868,孙瑶倩,946,5
869,孙自力,474,1
870,孙艾栋,376,1
871,孙芳,930,2
872,孙若晗,2912,7
873,孙萍,7660,11
874,孙蓉蓉,363,1
875,孙蕊,823,3
876,孙赫,3828,3
877,孙钰洁,574,2
878,孙锐,403,2
879,孙雨迪,1192,1
880,孙韬,4846,6
881,孙鹏菊,628,1
882,孟建龙,492,3
883,孟繁琦,4062,2
884,孟自蹊,2139,1
885,孟芙晓,6708,13
886,孟飞羽,1041,4
887,季倩倩,319,1
888,季沛榕,5988,17
889,季艺,983,5
890,学工部,76123,135
891,学术评价与分析中心,7142,2
892,学术评价与分析中心-许天才,4838,2
893,学生,722,1
894,学生办公室,733,1
895,学生处,76123,135
896,学生志愿服务中心,186,1
897,学生职业发展与就业指导中心,131631,222
898,学生记者,29058,17
899,学生记者团,29395,20
900,学院新闻中心,238,1
901,宁慧铭,1253,2
902,宁波校友会,911,1
903,宁美,588,2
904,宁轻,126,1
905,安妮,353,1
906,安玉环,1154,5
907,安素雅,939,2
908,宋一嘉,381,1
909,宋世华,589,1
910,宋丹丹,1400,3
911,宋佳仪,328,1
912,宋康磊,3844,9
913,宋慧宇,273,1
914,宋昱达,1109,3
915,宋树丰,507,1
916,宋江凤,3195,2
917,宋淑洁,1529,1
918,宋福忠,1278,1
919,宋美琪,1850,1
920,宋艳,329,1
921,宋超鑫,243,1
922,宋遥,269,1
923,宋闯,1807,1
924,官璇,472,1
925,实习生,2445,2
926,实验室及设备管理处,14868,19
927,审核,734,2
928,审计处,2795,3
929,宣传组,352,1
930,宣传部,712891,344
931,宣传部综合整理,1641,1
932,宴l呤晓,190,1
933,宴吟哓,206,1
934,宴呤哓,860,2
935,宴小林,1221,6
936,宴福梅,192,1
937,宿诺,1161,1
938,寇桂涛,4118,15
939,寇鹏飞,4249,2
940,寮张僮,377,1
941,对外联络办公室,483,1
942,尚博,275,1
943,尚彦辰,270,1
944,尚文雅,449,3
945,尚杨,1143,3
946,尚青艳,1353,4
947,尤思七,529,1
948,就业中心,3214,7
949,尹卫,636,1
950,尹国伟,275,1
951,尹婕,15188,43
952,尹德强,515,1
953,尹思力,1344,4
954,尹晨阳,529,1
955,尹晶,238,1
956,尹瑞森,5627,15
957,尹铁英,1659,1
958,尹雨妍,877,1
959,尹韶坤,922,2
960,尹馨捍,2099,5
961,屈凡,673,2
962,屠韵洁,785,1
963,岑昕蔓,1408,7
964,岳欣雨,228,1
965,岳洁,6074,9
966,岳超,236,1
967,岳雯倩,1399,1
968,崔博承,840,2
969,崔学芳,19937,66
970,崔微,5798,22
971,崔晓奎,11253,2
972,崔煜宇,1262,1
973,崔舒颜,2231,6
974,崔贤哲,270,1
975,崔雪芳,711,2
976,工程学部,43251,78
977,工程科教战略中心,424,1
978,工程科教战略研究中心,3217,8
979,左崚倩,5237,4
980,左晓晨,583,1
981,左潇筱,317,1
982,左都进,479,1
983,巴阿西,5090,9
984,师敏,308,1
985,席梦悦,238,1
986,席筱涵,3428,11
987,常俊杰,982,3
988,常婧,230,1
989,常悦悦,516,1
990,常素容,602,2
991,常素荣,112,1
992,常鹏,241,1
993,庄培杰,3346,15
994,应佳,20389,12
995,应苑松,344,1
996,庞佑,333,2
997,庞彤彤,143,1
998,康丽,418,1
999,康承锐,227,1
1000,康晨雨,248,1
1001,康智鹏,348,1
1002,康治平,1460,1
1003,康芷源,775,1
1004,康阔,1132,1
1005,庹元浩,253,1
1006,庹天予,510,1
1007,廖侣,2747,13
1008,廖元植,5208,6
1009,廖军,3008,5
1010,廖孝勇,3353,2
1011,廖定容,291,1
1012,廖寒露,12100,24
1013,廖志伟,330,1
1014,廖志刚,3048,3
1015,廖文娟,3911,6
1016,廖春晖,1653,4
1017,廖梁豆,164,1
1018,廖遥宇,614,1
1019,廖雪帆,5228,4
1020,廖颖,1529,5
1021,廖驰,1122,1
1022,廖鼎鹏,346,1
1023,延佳雨,576,2
1024,建材系,255,1
1025,建筑图学研究所,304,1
1026,建筑城规学院,102514,217
1027,建筑学部,6832,8
1028,建管学院,1187,1
1029,弘深学院,25473,49
1030,张一铭,152,1
1031,张丽媛,619,2
1032,张丽萍,2967,1
1033,张义国,1502,1
1034,张乐,846,1
1035,张云天,378,1
1036,张亚楠,697,3
1037,张亚珂,398,1
1038,张亚鹏,199,1
1039,张亨,963,2
1040,张京,352,1
1041,张亮,2273,5
1042,张会,497,1
1043,张会芳,2352,6
1044,张伯建,2876,5
1045,张佳嘉,3292,3
1046,张佳雄,178,1
1047,张俊丽,5899,9
1048,张信源,292,1
1049,张倩,364,1
1050,张兆林,473,1
1051,张冰心,297,1
1052,张力梅,184,2
1053,张南希,238,1
1054,张博,1087,4
1055,张卢腾,231,1
1056,张君,1254,2
1057,张君尚,1216,2
1058,张和平,767,1
1059,张嘉佳,519,1
1060,张坤宁,1475,2
1061,张堃,153,1
1062,张夏,479,1
1063,张天时,204,1
1064,张奇,424,1
1065,张奥,64,1
1066,张婉婷,21840,33
1067,张婧,31545,19
1068,张婷,182,1
1069,张婷婷,276,1
1070,张媛,4999,9
1071,张子豪,3373,2
1072,张孝芳,1718,3
1073,张宁吉,1852,4
1074,张宇,1120,2
1075,张宇璐,631,1
1076,张宇航,513,2
1077,张守新,896,2
1078,张宏达,781,1
1079,张家豪,1776,2
1080,张小洪,1406,1
1081,张小白,268,1
1082,张小迪,960,5
1083,张帅,758,2
1084,张帆,677,4
1085,张庆,1029,3
1086,张应应,257,1
1087,张应珍,801,1
1088,张康,971,3
1089,张廷渝,506,1
1090,张建坤,4261,23
1091,张建平,9889,8
1092,张强,145,1
1093,张彬,1412,2
1094,张心如,375,1
1095,张志峰,371,2
1096,张志民,2611,1
1097,张志清,5742,3
1098,张忠义,339,1
1099,张怡然,299,1
1100,张恒,987,2
1101,张恬女,821,1
1102,张悦,607,2
1103,张慧娟,466,1
1104,张慧颖,130,1
1105,张振伟,430,2
1106,张文妍,184,1
1107,张文婕,289,1
1108,张文文,229,1
1109,张文昭,565,2
1110,张斌,1555,2
1111,张新,8235,12
1112,张昆涛,283,1
1113,张昊,238,2
1114,张明生,579,2
1115,张明阳,860,2
1116,张映月,358,1
1117,张春艳,628,3
1118,张晓,2563,3
1119,张晓兰,710,2
1120,张晓多,812,1
1121,张晓彤,187,1
1122,张晓林,198,1
1123,张晓玲,440,1
1124,张晓路,905,2
1125,张晨曦,585,1
1126,张智瑞,566,1
1127,张智真,753,2
1128,张智禹,143,1
1129,张智航,718,1
1130,张朗,727,3
1131,张李懿君,312,1
1132,张杰,216,1
1133,张柔,509,2
1134,张桂文,4874,1
1135,张桐,1278,4
1136,张梦妮,358,1
1137,张梦鸽,572,1
1138,张榕,6344,21
1139,张欣,1030,2
1140,张殊,13771,14
1141,张毅,269,1
1142,张永敬,330,1
1143,张永胜,220,1
1144,张治成,852,3
1145,张波,690,2
1146,张波洋,757,3
1147,张洁,9783,12
1148,张洁茹,424,1
1149,张浩,890,1
1150,张海鑫,632,1
1151,张海鸥,15121,13
1152,张润泽,196,1
1153,张涵颖,12893,8
1154,张淇源,327,1
1155,张漫,326,1
1156,张潜,1847,3
1157,张然,618,1
1158,张爱余,431,1
1159,张爱平,220,1
1160,张爱莉,508,1
1161,张牧昊,272,1
1162,张玉芬,318,1
1163,张玥,2899,13
1164,张玥如,169,1
1165,张玥璇,766,3
1166,张玮,3627,2
1167,张玲,12723,2
1168,张玺,190,1
1169,张珮璐,3055,7
1170,张琦,738,2
1171,张琴,3825,10
1172,张瑜,1501,4
1173,张瑞祥,873,1
1174,张瑶,4934,6
1175,张瑾,28235,95
1176,张璇,345,1
1177,张璐,527,1
1178,张璞玉,152,1
1179,张皓南,3104,4
1180,张盼,429,2
1181,张睿,8089,4
1182,张睿华,122,1
1183,张祥瑞,2147,7
1184,张秀红,2158,4
1185,张秀芬,165,1
1186,张秉宸,700,1
1187,张程智,251,1
1188,张立阳,361,1
1189,张竞文,2625,7
1190,张笑语,422,2
1191,张筱娟,599,2
1192,张红梅,220,1
1193,张绍雨,268,1
1194,张继伟,7661,16
1195,张继良,223,1
1196,张续耀,894,1
1197,张维维,4290,5
1198,张美权,258,2
1199,张翔,3585,4
1200,张耀天,10677,8
1201,张育新,293,1
1202,张腾,898,4
1203,张艳,81,1
1204,张艳红,340,1
1205,张艺可,369,1
1206,张茂萍,354,1
1207,张荆,323,1
1208,张莹丹,3221,8
1209,张菁淳,716,1
1210,张蕾,4493,4
1211,张薇,547,1
1212,张薷月,462,1
1213,张虹敏,139,1
1214,张誉瀚,352,1
1215,张赛,10837,4
1216,张超,369,1
1217,张跃兵,2838,8
1218,张路鸣,705,2
1219,张辉,1740,2
1220,张辰庆,869,1
1221,张进,3151,6
1222,张连明,7747,17
1223,张郅鹏,834,1
1224,张金林,2967,7
1225,张金艳,2568,1
1226,张金若,4575,1
1227,张鑫,481,1
1228,张鑫燃,377,1
1229,张钰婧,313,1
1230,张链,721,2
1231,张阳,3705,2
1232,张雄,214,1
1233,张雅婕,579,3
1234,张雅恬,417,1
1235,张雅莉,271,1
1236,张雅莹,1459,3
1237,张雨枫,2526,6
1238,张雨涵,1806,4
1239,张雪,444,1
1240,张雯,569,1
1241,张露瑶,607,1
1242,张靖枫,115,1
1243,张静,2200,6
1244,张韵洁,216,1
1245,张馨元,131,1
1246,张馨尹,2998,7
1247,彦韬,924,4
1248,彭争民,101,1
1249,彭云凡,194,1
1250,彭双,1699,3
1251,彭向和,535,1
1252,彭启标,780,1
1253,彭均宇,316,1
1254,彭婧,560,2
1255,彭媛媛,2218,1
1256,彭守建,4156,1
1257,彭小兵,479,1
1258,彭志磊,293,1
1259,彭慧玲,5000,10
1260,彭方澜,1096,1
1261,彭明熙,528,1
1262,彭春丽,1523,2
1263,彭春铭,719,1
1264,彭松,626,1
1265,彭洋,576,1
1266,彭璟,7735,7
1267,彭留留,343,1
1268,彭筠宇,1349,4
1269,彭芃,2018,4
1270,彭莉,527,1
1271,彭述娟,4475,4
1272,彭鑫鑫,1595,2
1273,彭静,315,1
1274,徐云卿,488,1
1275,徐云鹏,1050,2
1276,徐佳瑞,1348,1
1277,徐凤英,271,1
1278,徐嘉志,797,1
1279,徐嘉豪,167,1
1280,徐娇倩,213,1
1281,徐娟,1102,3
1282,徐宁,328,1
1283,徐小平,1303,2
1284,徐小梅,628,1
1285,徐峥辉,587,1
1286,徐川,222,1
1287,徐帅,261,1
1288,徐建华,1094,4
1289,徐志玲,2599,3
1290,徐思秋,1486,1
1291,徐扬诗雨,3709,1
1292,徐敏,938,4
1293,徐文昊,5376,1
1294,徐方正,597,1
1295,徐昕悦,151,1
1296,徐星宇,161,1
1297,徐春玲,293,1
1298,徐朝和,614,1
1299,徐杜杰,1759,3
1300,徐林彤,705,2
1301,徐梁晋,537,1
1302,徐江波,349,1
1303,徐浩楠,880,2
1304,徐海洋,1956,1
1305,徐爽,42399,22
1306,徐玉旋,1187,2
1307,徐珂瑾,591,1
1308,徐瑞,4395,8
1309,徐盛友,977,1
1310,徐秀莲,3726,8
1311,徐维龙,143,1
1312,徐舒婷,1058,1
1313,徐舜,290,1
1314,徐诗杰,186,1
1315,徐豪,412,1
1316,徐超,786,1
1317,徐轩如,1658,4
1318,徐锡峰,1074,3
1319,徐阳,235,1
1320,徐静,1550,2
1321,徐骁青,323,1
1322,微电子与通信工程学院,42690,94
1323,心理协会,221,1
1324,念锦涛,159,1
1325,思政科,1433,1
1326,成广宇,193,1
1327,戴乐,7708,5
1328,戴兴梦,244,1
1329,戴娟,4612,9
1330,戴彦博,225,1
1331,戴敦禹,414,2
1332,戴晓攀,335,1
1333,戴智军,388,1
1334,戴梦云,190,1
1335,戴濛,3640,10
1336,戴连婕,213,1
1337,戴隆康,228,1
1338,房地产管理处,2076,1
1339,房欣怡,1155,1
1340,扶贫办,1784,1
1341,指导老师,124,1
1342,揭达斌,429,1
1343,摄像,1150,2
1344,摄影,124334,249
1345,摄影记者,1820,4
1346,撰稿,420,2
1347,敖畅,257,1
1348,教务处,105758,104
1349,教务处培养科,841,1
1350,教务处实践教学科,846,1
1351,教务处质量科,187,1
1352,教发中心,2377,2
1353,教师教学发展中心,35655,38
1354,教职工围棋协会,264,1
1355,教育基金会秘书处,21480,21
1356,数学与统计学院,17980,44
1357,数统学院青年志愿者协会,271,1
1358,数统学院高等数学教研组,1184,1
1359,整理,3677,1
1360,文体部,874,2
1361,文佩丹,280,1
1362,文化创意产业研究院,471,1
1363,文字,79736,187
1364,文字记者,4270,6
1365,文字／摄影,273,1
1366,文宣,80908,211
1367,文忍,277,2
1368,文楠,141,1
1369,文玲,677,2
1370,文瑶,1383,1
1371,新闻学院,102510,233
1372,方子晨,1144,1
1373,方宇轩,322,1
1374,方成龙,443,1
1375,方梓萱,9519,10
1376,方盛德,661,2
1377,方石,187,1
1378,方祉涵,404,1
1379,方笑笑,132,1
1380,方美婷,1280,2
1381,方草,1146,3
1382,方觅,241,1
1383,方银花,664,2
1384,方锦丹,228,1
1385,方香宜,223,1
1386,於文萱,429,1
1387,施冬倩,173,1
1388,施晓丽,155,1
1389,施晓妍,13889,25
1390,无名氏,293631,149
1391,时文歆,1155,1
1392,明仕茂,538,1
1393,明岩,130,1
1394,明春宏,392,1
1395,明钰童,417,1
1396,明雨佳,314,1
1397,易丹丹,3212,7
1398,易安琪,102,1
1399,易弘睿,5631,3
1400,易昕,1044,1
1401,易秋茂,232,1
1402,易群英,577,2
1403,易雅婷,581,1
1404,易青洁,340,1
1405,晁群,411,2
1406,晁雪纯,2917,5
1407,晁骞,945,1
1408,晋超,2314,6
1409,晏万莉,617,2
1410,晏吟晓,726,1
1411,晏雁,797,1
1412,智博文,1592,5
1413,曲元军,663,2
1414,曲卫红,21484,30
1415,曹一,2086,1
1416,曹一洋,1098,3
1417,曹丽,714,1
1418,曹丽转,1055,2
1419,曹京,415,1
1420,曹全兴,9113,7
1421,曹凯键,464,1
1422,曹华军,1078,3
1423,曹博,412,1
1424,曹天静,149,1
1425,曹宇,501,1
1426,曹家玮,232,1
1427,曹梦婷,371,1
1428,曹煜涵,2810,6
1429,曹玉龙,423,1
1430,曹玲玲,4239,10
1431,曹玲飞,386,1
1432,曹端,575,1
1433,曹若茗,369,1
1434,曹蔚,4920,5
1435,曹诗淼,327,1
1436,曹越皓,1485,2
1437,曹进军,309,1
1438,曹钰晖,1502,1
1439,曹雅涵,4058,9
1440,曹馨文,346,1
1441,曽钰雯,170,1
1442,曾其玲,241,1
1443,曾嘉凯,1571,3
1444,曾姝,509,2
1445,曾巧玲,322,1
1446,曾得福,390,3
1447,曾忠,4056,1
1448,曾惜璐,1025,2
1449,曾慧娟,223,1
1450,曾文,409,1
1451,曾昭阳,435,1
1452,曾月劲,4520,12
1453,曾海燕,346,1
1454,曾涛,1033,3
1455,曾玲芸,315,1
1456,曾睿,313,1
1457,曾礼强,261,1
1458,曾钰雯,640,4
1459,曾铃芸,451,1
1460,曾静,246,1
1461,曾颖孜,193,1
1462,曾馨阅,1643,3
1463,曾骏,4791,3
1464,期刊社,13076,13
1465,期刊社吕建斌,703,1
1466,期刊社周沫,2355,4
1467,期刊社彭建国,628,1
1468,期刊社梁远华,753,2
1469,期刊社游滨,283,1
1470,期刊社王维朗,7132,5
1471,期刊社胡玥,3026,2
1472,期刊社胡英奎,1132,1
1473,期刊社邓云,224,1
1474,期刊社郑洁,959,1
1475,期刊社颜永松,380,1
1476,朱伟斌,203,1
1477,朱佳慧,610,1
1478,朱俊盛,338,1
1479,朱俐娜,968,1
1480,朱兰影,170,1
1481,朱凡一,306,1
1482,朱双玉,2002,1
1483,朱可佳,949,1
1484,朱壮英,249,1
1485,朱小英,325,1
1486,朱彦云,586,1
1487,朱彦山,413,1
1488,朱得,564,1
1489,朱悦宁,302,1
1490,朱慧霞,125,1
1491,朱文婉,10276,16
1492,朱梦成,486,1
1493,朱涛,3213,9
1494,朱清,2175,3
1495,朱源,559,3
1496,朱漫琴,17595,12
1497,朱玲,304,1
1498,朱磊,2122,4
1499,朱莹,34888,19
1500,朱蕗蕗,307,1
1501,朱轩墨,486,1
1502,朱运鉴,419,2
1503,朱迪,4113,3
1504,朱霜,329,1
1505,朱飞鸿,594,1
1506,朵为鑫,5216,18
1507,机关党委,48070,73
1508,机械传动国家重点实验室,240,1
1509,机械工程学院,132988,282
1510,权思帆,357,1
1511,李世倩,24874,14
1512,李世霖,928,5
1513,李丞杰,4349,3
1514,李严红,683,2
1515,李丹,2994,12
1516,李为,818,4
1517,李丽昆,2074,5
1518,李令,236,1
1519,李佩玲,371,2
1520,李佩琳,1584,2
1521,李佳,4444,3
1522,李佳文,235,1
1523,李佳明,362,1
1524,李佳洁,560,1
1525,李佳航,1492,2
1526,李佳蔚,13798,6
1527,李佳诚,3581,7
1528,李佳遥,152,1
1529,李佳雯,145,1
1530,李俊龙,1502,1
1531,李倩,5806,7
1532,李元庆,701,1
1533,李元源,160,1
1534,李兆瑞,207,1
1535,李兴国,2597,1
1536,李兴琪,184,1
1537,李军,3500,11
1538,李冰,488,1
1539,李函锦,8158,15
1540,李刚勇,784,2
1541,李加,546,3
1542,李勇,976,2
1543,李勤娟,370,3
1544,李博欢,505,1
1545,李博瑞,265,1
1546,李卿圆,324,1
1547,李叁润,695,2
1548,李可欣,2568,5
1549,李吉良,2455,3
1550,李和平,186,1
1551,李嘉,185,1
1552,李嘉乐,215,1
1553,李嘉怡,762,2
1554,李嘉鑫,210,1
1555,李四维,197,1
1556,李坤衡,2534,4
1557,李坪洋,781,1
1558,李堃,432,2
1559,李士聪,236,1
1560,李大兴,482,1
1561,李妮,645,2
1562,李娜,205,1
1563,李婉婉,449,1
1564,李婕,1218,3
1565,李婷,852,4
1566,李婷婷,19564,2
1567,李子怡,210,1
1568,李子晗,214,1
1569,李孟泽,182,1
1570,李宁,269,1
1571,李宏,8072,3
1572,李定超,597,1
1573,李家祺,431,1
1574,李小辉,250,1
1575,李岱宗,455,1
1576,李巧,6770,18
1577,李巧铃,621,3
1578,李延哲,507,2
1579,李建宏,19282,13
1580,李建杰,605,1
1581,李彦鸽,359,1
1582,李彪,211,1
1583,李志晗,746,1
1584,李怀博,10410,9
1585,李思佳,293,1
1586,李思荟,3980,8
1587,李思豫,329,1
1588,李思超,698,2
1589,李怡卓,255,1
1590,李恒,656,2
1591,李悦然,195,1
1592,李惟肖,315,1
1593,李想,6308,5
1594,李慧芳,961,1
1595,李戎焱,428,1
1596,李成,282,1
1597,李成宸,2557,8
1598,李承承,999,6
1599,李振坤,2749,2
1600,李挺,2838,3
1601,李政科,217,1
1602,李敏,1454,3
1603,李文博,1305,1
1604,李文桐,348,1
1605,李文羽,5245,9
1606,李文霞,1445,3
1607,李斌,976,3
1608,李明岩,1849,4
1609,李明泽,276,1
1610,李明秋,7571,5
1611,李星云,3179,3
1612,李星月,196,1
1613,李星权,270,2
1614,李映彤,3772,9
1615,李映雪,11128,11
1616,李晋萍,1163,2
1617,李晓宇,567,2
1618,李晓涵,183,1
1619,李晓秋,630,1
1620,李晓辉,3231,12
1621,李晗薇,379,1
1622,李晨晨,1174,2
1623,李曦,418,1
1624,李曼曼,257,1
1625,李杰耀,611,2
1626,李松蕾,1261,1
1627,李林红,203,1
1628,李梦迪,291,1
1629,李森,400,1
1630,李欢,3707,7
1631,李欣怡,1107,4
1632,李正一,2845,9
1633,李正良,6586,3
1634,李正超,347,1
1635,李汶涟,274,1
1636,李沅潮,300,1
1637,李泉,778,2
1638,李泽培,1054,3
1639,李洋,287,2
1640,李浩,344,1
1641,李海强,479,1
1642,李涛,1268,2
1643,李清娟,292,1
1644,李湘楠,1175,1
1645,李灵,709,1
1646,李灵珠,923,2
1647,李炜,5535,1
1648,李炜懿,297,1
1649,李燕,12878,27
1650,李燕喃,2137,1
1651,李猛,1019,2
1652,李玉兰,461,2
1653,李玉梅,173,1
1654,李珂,2545,5
1655,李珩,1873,1
1656,李琦怡,358,1
1657,李琳,215,1
1658,李瑞远,3681,3
1659,李璀,749,2
1660,李璇飞,241,1
1661,李相林,2493,5
1662,李祖文,1734,4
1663,李秀华,1364,2
1664,李秀敏,2666,2
1665,李秋南,8022,1
1666,李秋霖,804,1
1667,李竑芸,430,1
1668,李竹子,329,1
1669,李素雅,222,1
1670,李红蕊,794,3
1671,李维斯,339,1
1672,李翔,423,1
1673,李翠,14835,25
1674,李聪珊,412,1
1675,李胜,2453,4
1676,李芷怡,2399,9
1677,李若媛,422,1
1678,李若愚,2705,3
1679,李若晰,1078,2
1680,李若楠,1407,3
1681,李若菡,9465,27
1682,李英民,3263,1
1683,李茂,398,1
1684,李莉,1301,1
1685,李莎,958,3
1686,李菁晶,4626,4
1687,李萌,979,4
1688,李萍,361,1
1689,李蔚,2575,7
1690,李西,448,1
1691,李誉伦,590,1
1692,李诗仪,1713,1
1693,李豪,416,1
1694,李质颖,260,1
1695,李超,1594,1
1696,李轶哲,294,1
1697,李运钊,160,1
1698,李鑫,3270,4
1699,李铃,226,1
1700,李铮,102,1
1701,李键,2006,4
1702,李雨朦,555,1
1703,李雨泉,200,1
1704,李雪松,5693,4
1705,李雪梅,13626,29
1706,李雪梅),124,1
1707,李雪梅等供稿,2240,1
1708,李雪涵,799,4
1709,李雯,2118,1
1710,李霁月,16961,14
1711,李青霖,340,1
1712,李青青,274,1
1713,李静,678,2
1714,李静和,502,1
1715,李静静,334,1
1716,李非凡,5485,13
1717,李顺波,114,1
1718,李颉,405,1
1719,李颍巧,713,3
1720,李颖,1058,5
1721,李颜灿,298,1
1722,李骏勇,472,2
1723,李鹏燈,977,3
1724,李鹏程,1258,2
1725,李鼎鉴,11257,31
1726,李龙,477,2
1727,材料学院,3594,1
1728,材料科学与工程学院,124675,189
1729,材料科学与工程学院杨艳,2837,1
1730,杜一杰,393,1
1731,杜宜兰,317,1
1732,杜明瀚,325,1
1733,杜晨曦,200,1
1734,杜晨阳,238,1
1735,杜玉梅,790,3
1736,杜瑞霞,2450,3
1737,杜若溪,215,1
1738,杜鹏,2507,5
1739,杜龙跃,356,1
1740,杨万淑,4200,3
1741,杨丽婷,506,3
1742,杨乔斯,316,1
1743,杨乾龙,8953,9
1744,杨亚平,322,1
1745,杨健,350,1
1746,杨元瑞,558,1
1747,杨先勇,3159,2
1748,杨力,2509,1
1749,杨功卓,407,2
1750,杨勇,1583,1
1751,杨启帆,1673,4
1752,杨均德,435,1
1753,杨天红,2825,1
1754,杨如民,7916,2
1755,杨娜,1289,5
1756,杨婧,16216,39
1757,杨婧宇,2640,5
1758,杨媛媛,11838,27
1759,杨孝波,350,1
1760,杨宁航,439,1
1761,杨宇,198,1
1762,杨安,494,1
1763,杨宏宇,706,1
1764,杨小俊,797,1
1765,杨小虎,1143,1
1766,杨岗,261,1
1767,杨帆,341,1
1768,杨希,357,2
1769,杨广超,1780,2
1770,杨建兴,441,1
1771,杨弋戈,321,1
1772,杨志杰,718,1
1773,杨忠,279,1
1774,杨忠平,719,3
1775,杨文婕,527,2
1776,杨文杰,251,1
1777,杨明明,4823,4
1778,杨昕潼,485,2
1779,杨星星,90,1
1780,杨春花,2480,6
1781,杨晓,403,1
1782,杨晓辉,721,3
1783,杨晨星,211,1
1784,杨曦,450,1
1785,杨曼玲,253,1
1786,杨杰,1341,3
1787,杨林聆,1288,1
1788,杨柳,3248,6
1789,杨柳青,244,1
1790,杨梦宁,538,1
1791,杨梦骄,870,2
1792,杨欣莹,2139,1
1793,杨欣雨,1682,5
1794,杨永川,2216,1
1795,杨永齐,245,1
1796,杨汶洁,660,2
1797,杨波,674,2
1798,杨泽文,688,1
1799,杨洋,3935,28
1800,杨浩桢,2115,1
1801,杨浩蓝,157,1
1802,杨海林,1740,5
1803,杨海涛,135,1
1804,杨海燕,15222,11
1805,杨涛,320,2
1806,杨滢,870,3
1807,杨爱民,1771,1
1808,杨爽,149,1
1809,杨玲丽,699,3
1810,杨玺,160,1
1811,杨瑾,3060,4
1812,杨田禾,726,1
1813,杨百合,980,1
1814,杨眉,358,2
1815,杨睿英,490,1
1816,杨睿铭,234,1
1817,杨知方,1038,1
1818,杨磊,127,1
1819,杨祎璠,415,1
1820,杨秀琴,174,1
1821,杨秀芳,1133,1
1822,杨策明,181,1
1823,杨练,3831,6
1824,杨绪祺,984,3
1825,杨美美,2090,3
1826,杨聪林,3409,5
1827,杨舒麟,3581,6
1828,杨艳,11810,4
1829,杨艺,840,2
1830,杨艾潇澜,2568,1
1831,杨荟茹,212,1
1832,杨萱,475,3
1833,杨蒙萌,4993,4
1834,杨蓉,1001,2
1835,杨诗妍,189,1
1836,杨逢原,233,1
1837,杨逸佳,283,1
1838,杨重朋,307,1
1839,杨银花,341,1
1840,杨锡智,160,1
1841,杨镇川,223,1
1842,杨雨昕,378,2
1843,杨雨潇,700,1
1844,杨雪,108,1
1845,杨雪薇,277,1
1846,杨雯宇,1566,2
1847,杨靖宇,266,1
1848,杨靖悦,190,1
1849,杨静雯,605,2
1850,杨颖,417,2
1851,杨鹏,730,2
1852,杨龙梦珏,467,1
1853,杨龙梦钰,3847,4
1854,林书伟,973,3
1855,林佳妮,288,1
1856,林圣渝,187,1
1857,林奕瀚,310,1
1858,林婕,1080,3
1859,林家劲,389,1
1860,林岚,500,1
1861,林晓彤,4981,3
1862,林晓薇,757,2
1863,林晟玮,709,2
1864,林梦迪,10777,7
1865,林椿森,194,1
1866,林润丰,235,1
1867,林炯,202,1
1868,林玮,2165,6
1869,林琳,511,2
1870,林益帆,752,2
1871,林英撑,946,1
1872,林铭海,376,1
1873,林霞,667,1
1874,林青山,1070,1
1875,林静怡,223,1
1876,林鹏飞,306,1
1877,柏洪,431,1
1878,柏蕴真,191,1
1879,查红叶,760,1
1880,柯彦,5440,11
1881,柯露,439,2
1882,柳林涛,240,1
1883,柳林清,360,1
1884,柳洪元,243,1
1885,柳海涛,833,1
1886,柳鲲鹏,303,1
1887,柴俊青,9061,23
1888,柴媛,884,2
1889,柴子博,378,2
1890,柴宏祥,299,1
1891,柴成娟,1306,3
1892,柴欣辰,742,4
1893,校办,13732,3
1894,校医院《医学与健康》通识教育课程组,208,1
1895,校友会,1240,3
1896,校友工作办公室,56000,51
1897,校团委,237045,218
1898,校团委姜凌舟,306,1
1899,校学生会,662,1
1900,校工会,22447,25
1901,校科协,314,1
1902,校科协李函锦,306,1
1903,校长办公室,130991,60
1904,桑晓飞,232,1
1905,桑雪,444,1
1906,档案馆,19712,43
1907,梁东盛,415,1
1908,梁丽娜,330,1
1909,梁义棋,1010,1
1910,梁兆桢,282,1
1911,梁凯,258,1
1912,梁华明,2156,5
1913,梁宇,418,1
1914,梁志宏,223,1
1915,梁成成,589,1
1916,梁晨,1899,3
1917,梁树英,483,1
1918,梁欣,2830,4
1919,梁洋熙,11287,8
1920,梁潇,262,1
1921,梁炜琦,791,1
1922,梁璐,772,2
1923,梁禹,473,1
1924,梁莹月,259,1
1925,梁菲,303,2
1926,梁言,352,1
1927,梁诗琴,182,1
1928,梁辰曦,1416,2
1929,梁远华,1460,1
1930,梅会雯,637,1
1931,楚涛,1020,3
1932,樊小龙,5944,4
1933,樊幸幸,612,1
1934,樊梁华,317,1
1935,樊祎鹏,259,1
1936,欧启凡,450,1
1937,欧彦,792,2
1938,欧蓥,188,1
1939,欧静兰,1226,4
1940,武双对,1324,4
1941,武振波,4213,7
1942,武施言,977,3
1943,武润天,3377,4
1944,武芯宇,16697,7
1945,段克华,727,3
1946,段华美,877,2
1947,段博文,794,1
1948,段奕如,326,1
1949,段婧,388,1
1950,段季宏,978,2
1951,段建凤,321,1
1952,段文婧,265,1
1953,段竞,229,1
1954,段竞楠,6482,5
1955,段红先,1054,1
1956,段维,1485,1
1957,段蘅桐,867,4
1958,段黎明,757,1
1959,殷俊伟,163,1
1960,殷夕寒,481,1
1961,殷碟,802,2
1962,殷茴,1315,2
1963,殷菲,332,1
1964,殷铭泽,19360,14
1965,毕鑫祺,519,2
1966,毛丹,350,1
1967,毛亚芳,1067,2
1968,毛伟唯,3083,3
1969,毛俊涵,1270,1
1970,毛环杰,2471,2
1971,毛红霞,699,2
1972,毛译婉,906,2
1973,毛诗壹,608,1
1974,江一舸,2568,7
1975,江书宇,3954,5
1976,江山,1414,3
1977,江成华,361,2
1978,江成杰,1502,1
1979,江林丽,255,1
1980,江燕,1309,2
1981,江瑜,136,1
1982,江荣杰,524,1
1983,江鹏飞,938,3
1984,江齐,1536,5
1985,汤婕,470,3
1986,汤宝平,592,1
1987,汤文芳,1426,4
1988,汤玉琳,1508,2
1989,汤静贤,537,1
1990,汪亮,410,1
1991,汪伦,668,2
1992,汪俣婧,4078,10
1993,汪学兵,728,2
1994,汪小燕,9127,15
1995,汪小莉,202,1
1996,汪小莞,352,1
1997,汪少凡,2143,5
1998,汪庆春,282,1
1999,汪文睿,153,1
2000,汪晓红,393,1
2001,汪雪,270,1
2002,汽车中心,669,1
2003,汽车学院,947,1
2004,汽车工程学院,14325,44
2005,沈佳诚,952,1
2006,沈凡琪,487,3
2007,沈媛媛,356,1
2008,沈敏,6246,7
2009,沈晗,1878,6
2010,沈梦霞,197,1
2011,沈欣洁,338,2
2012,沈治祥,13742,7
2013,沈续昌,2293,2
2014,沈翔祖,1296,5
2015,沈艾琪,139,1
2016,沈雅秋,982,2
2017,沈黎,3404,1
2018,沙洲,125,1
2019,法学院,59675,163
2020,法学院办公室,1340,1
2021,法学院学生,1415,1
2022,法学院宣传部,290,1
2023,法学院张哲,1313,1
2024,法学院环境法学科,423,1
2025,法学院青年志愿者协会,248,1
2026,洛元,166,1
2027,洪勃,243,1
2028,洪哲,2590,8
2029,洪宇洋,656,3
2030,洪家瑶,633,1
2031,洪宸婕,2149,2
2032,洪燕洁,166,1
2033,洪铭宇,4623,4
2034,洪雪梅,336,3
2035,海翠婷,472,1
2036,涂佳琪,2140,4
2037,涂光友,1716,1
2038,涂天擎,662,1
2039,涂顺泽,293,1
2040,深圳校友会,803,1
2041,温世杨,1038,1
2042,温丽,421,2
2043,温勤,6407,2
2044,温桎茹,635,2
2045,温泽鑫,141,1
2046,港澳台办,97139,77
2047,港澳台办公室,377,1
2048,游国强,138,1
2049,游思宇,534,1
2050,游敏,173,1
2051,游欣旎,2259,9
2052,游滨,1409,4
2053,湖北日报全媒记者,355,1
2054,湛敏,6967,11
2055,滕乐钰,1686,1
2056,滕博文,1948,6
2057,滕文艳,1709,5
2058,漆霜霜,336,1
2059,演讲与辩论协会,456,2
2060,潘丽桃,453,1
2061,潘偲毓,821,2
2062,潘凌啸,1177,1
2063,潘天逸,283,1
2064,潘思宇,1718,2
2065,潘悦,514,1
2066,潘昶达,913,4
2067,潘晨曦,886,1
2068,潘洺铭,464,1
2069,潘馨钰,282,1
2070,焦万谊,509,1
2071,焦健,3863,5
2072,焦白路,564,1
2073,照片,2014,4
2074,熊伟,250,1
2075,熊健汝,3868,4
2076,熊兰,268,1
2077,熊含蕊,425,2
2078,熊天慧,430,2
2079,熊志翔,314,1
2080,熊恋,1661,7
2081,熊敏,190,1
2082,熊曼娜,682,1
2083,熊江鹏,193,1
2084,熊洋,335,1
2085,熊爽,1278,3
2086,熊矗,2093,2
2087,熊聪,590,1
2088,熊西湖,1107,3
2089,燕芳,486,1
2090,牛书杰,332,1
2091,牛俊天,149,1
2092,牛士林,1476,5
2093,牛婉莹,1204,2
2094,牛美璇,1116,2
2095,牛聪,248,1
2096,牛雯鑫,267,1
2097,牟哲岳,443,1
2098,牟奕轩,3724,6
2099,牟新宇,2097,7
2100,物理学院,34477,54
2101,玉沅平,185,1
2102,王一之,350,1
2103,王一唱,386,1
2104,王东红,311,1
2105,王丹,286,1
2106,王丽珍,1659,1
2107,王云强,141,1
2108,王亚欣,14245,13
2109,王亚洲,1690,1
2110,王亚男,185,1
2111,王京凯,1835,4
2112,王众一,211,1
2113,王优莎,577,2
2114,王会丽,31804,63
2115,王伟,3086,2
2116,王佳,568,1
2117,王佳宁,1546,5
2118,王依帆,519,2
2119,王倩,474,1
2120,王兰,800,2
2121,王兴全,127,1
2122,王冬琴,282,1
2123,王凌浩,652,2
2124,王凡胜,115,1
2125,王凤,141,1
2126,王凯,272,1
2127,王凯凯,332,1
2128,王利明,347,1
2129,王利昕,1081,4
2130,王千雨,178,1
2131,王华,1136,3
2132,王卓雄,573,3
2133,王可俐,20842,20
2134,王叶玲,1189,2
2135,王吉亮,331,1
2136,王吉明,287,1
2137,王咏菲,591,2
2138,王哲,2143,2
2139,王唯,333,1
2140,王嘉琪,617,3
2141,王四宝,679,1
2142,王国平,4052,5
2143,王圣为,151,1
2144,王坤,410,1
2145,王垚璘,470,2
2146,王培杰,354,2
2147,王士鑫,650,2
2148,王大伟,510,1
2149,王大铭,158,1
2150,王天一,371,1
2151,王天慧,847,1
2152,王天璐,700,2
2153,王天翊,1321,1
2154,王奕,1529,4
2155,王妍,192,1
2156,王姝,1874,3
2157,王娅娅,675,2
2158,王娇娇,1375,3
2159,王婉仪,271,1
2160,王婧祎,655,3
2161,王婷,611,2
2162,王婷婷,794,3
2163,王子梁,1345,3
2164,王子烨,4080,3
2165,王子铭,286,1
2166,王宁,458,2
2167,王宇希,406,1
2168,王宇彬,794,1
2169,王宇航,14627,9
2170,王宇轩,202,1
2171,王宗狄,199,1
2172,王小凤,2415,4
2173,王小苑,402,1
2174,王尚,226,1
2175,王岩,479,1
2176,王岳川,752,2
2177,王帅,258,1
2178,王帆,333,1
2179,王希,614,2
2180,王帮亮,2245,2
2181,王庆,581,2
2182,王庆贺,6116,12
2183,王建平,577,2
2184,王开,511,1
2185,王开心,190,1
2186,王张有,1710,7
2187,王彦力,4739,5
2188,王彦懿,210,1
2189,王志慧,2515,1
2190,王志涛,47531,116
2191,王思莹,313,1
2192,王怡,60360,113
2193,王悦,727,1
2194,王悦月,12641,8
2195,王惟儒,223,1
2196,王成刚,21093,35
2197,王成铭,100,1
2198,王拂晓,961,1
2199,王敦宇,391,1
2200,王文娜,2160,2
2201,王文欣,5286,7
2202,王新筑,445,1
2203,王昊岩,239,1
2204,王昊泽,358,1
2205,王明,337,1
2206,王星,512,1
2207,王星凯,1089,3
2208,王映力,205,1
2209,王昱涵,2545,3
2210,王晓,1313,3
2211,王晓云,7026,14
2212,王晓怡,409,1
2213,王晓杰,3036,7
2214,王晨曦,183,1
2215,王景涛,1163,3
2216,王杨,17050,14
2217,王杰,564,1
2218,王杰峰,630,1
2219,王松一,597,1
2220,王柳,3609,3
2221,王树彬,324,2
2222,王栩彬,211,1
2223,王梦璐,1339,2
2224,王梦真,464,1
2225,王梦露,166,1
2226,王森,1031,4
2227,王植,195,1
2228,王欢,10600,14
2229,王正洪,242,1
2230,王永容,1470,4
2231,王江,724,1
2232,王治永,3439,1
2233,王泓璇,425,1
2234,王泽玉,1530,3
2235,王洪武,192,1
2236,王浚铭,214,1
2237,王浩,901,2
2238,王海艳,219,1
2239,王润生,187,1
2240,王润龙,361,1
2241,王涵阳,1112,1
2242,王淋,430,1
2243,王淑萍,1098,2
2244,王溢,2367,1
2245,王潇,1066,1
2246,王瀚宇,251,1
2247,王爽,984,2
2248,王玉,404,1
2249,王玉珏,302,1
2250,王玉琴,6720,14
2251,王玥,118,1
2252,王玥琳,38977,62
2253,王珊珊,315,1
2254,王理,393,2
2255,王琦,446,2
2256,王琦琪,691,1
2257,王琨,1068,2
2258,王琪琪,15618,31
2259,王琬,250,2
2260,王琴,1267,4
2261,王瑞阳,4859,12
2262,王瑶,6016,12
2263,王甜,226,1
2264,王生杰,1082,5
2265,王睿,4636,6
2266,王磊,275,1
2267,王祥,5184,10
2268,王秀明,630,1
2269,王秀芬,253,1
2270,王秋月,390,1
2271,王积硕,391,1
2272,王稳,389,1
2273,王立新,1663,1
2274,王立根,4914,5
2275,王策,760,1
2276,王紫序,2386,2
2277,王红霞,750,2
2278,王维朗,12500,11
2279,王群,595,1
2280,王者伟,1406,6
2281,王聪,209,1
2282,王臻瑞,1742,3
2283,王舒婷,373,1
2284,王舒煜,321,1
2285,王艺翼,1021,3
2286,王艺霖,305,1
2287,王芷绮,799,3
2288,王苗苗,307,2
2289,王若瀚,591,2
2290,王若瑾,660,2
2291,王英,1411,4
2292,王莎,9757,26
2293,王虹,11710,11
2294,王衍,186,1
2295,王言铭,397,2
2296,王超,2163,4
2297,王越,358,2
2298,王越洋,279,1
2299,王辉,214,1
2300,王辰,2356,6
2301,王金,539,2
2302,王金星,367,1
2303,王金霞,746,4
2304,王鑫辰,318,1
2305,王钟宁,4391,18
2306,王锋文,499,1
2307,王锐,1059,1
2308,王镐哲,754,1
2309,王镱洁,347,1
2310,王陶,124,1
2311,王雅倩,297,1
2312,王雅涵,2881,8
2313,王雨嫣,657,1
2314,王雨晴,149,1
2315,王雨萌,143,1
2316,王雪聪,1983,1
2317,王雪蓉,341,1
2318,王露,196,1
2319,王露涵,261,1
2320,王靖,757,2
2321,王静文,193,1
2322,王颖,2238,5
2323,王颖誉,141,1
2324,王馨,2160,5
2325,王鹏,214,1
2326,王鹏飞,59786,54
2327,王黛瑶,197,1
2328,玛赫更里,359,1
2329,环境与生态学院,70725,135
2330,班志斌,2585,1
2331,理学部,15220,7
2332,甄玄志,156,1
2333,甘世顺,430,1
2334,甘丹,277,1
2335,生命科学学院,29160,76
2336,生物工程学院,77101,142
2337,甯彦皓,134,1
2338,田园,5054,11
2339,田学隆,1228,1
2340,田川,8757,2
2341,田康颖,1219,3
2342,田彬,4555,8
2343,田慧,467,1
2344,田新晟,545,4
2345,田昊霜,756,5
2346,田琳,1311,3
2347,田睿,13709,43
2348,田祝,7259,12
2349,田艳,803,1
2350,田袁,1322,3
2351,田辉,10303,2
2352,田逢春,870,2
2353,田镇,766,3
2354,田雨佳,858,2
2355,申亚栋,310,1
2356,申卫洁,14812,24
2357,申璐,213,1
2358,申莉,1340,1
2359,电影学院,1663,1
2360,电气学院党委,193,1
2361,电气工程学院,84764,152
2362,白佳尼,424,1
2363,白太升,1267,4
2364,白季鑫,9987,25
2365,白小英,492,1
2366,白幸幸,2299,5
2367,白恒双,548,1
2368,白秋悦,515,1
2369,皮鹏宇,974,2
2370,监察处,32867,28
2371,盛帅帅,682,1
2372,盛诚,466,2
2373,瞿丽,391,1
2374,瞿杨溢,1749,3
2375,知礼研雅学社,219,1
2376,石万曲,15911,26
2377,石俊杰摄影,179,1
2378,石姝,1061,2
2379,石娅瑀,1002,2
2380,石娟昌,1317,4
2381,石宇,277,1
2382,石尚霞,5732,15
2383,石川,2243,4
2384,石心蕊,424,3
2385,石桂蓉,357,1
2386,石湘,455,1
2387,石磊,2948,1
2388,石立敏,260,2
2389,石艺璿,1344,2
2390,石莹,241,1
2391,石鑫,1735,5
2392,石钊颖,167,1
2393,石雪平,915,4
2394,石雪萍,197,1
2395,石非凡,837,1
2396,研修班宣传组,1175,1
2397,研团委创客联盟,85,1
2398,研团委组织部,300,1
2399,研学营成员,840,1
2400,研工部,5432,2
2401,研工部),131065,242
2402,研究生会郭明义爱心团队王秀芬,344,1
2403,研究生创新实践基地,201,1
2404,研究生院,133594,245
2405,社会科学学部,1467,4
2406,社区办,728,1
2407,社区工作办公室,11645,33
2408,社科处,124805,97
2409,祁云杨,169,1
2410,祝凤莉,1609,4
2411,祝婷婷,308,1
2412,祝明妹,775,1
2413,祝贺,417,1
2414,神经外科护士,144,1
2415,离退休党委,1381,2
2416,离退休工作处,47590,112
2417,科协秘书处,85667,180
2418,科发院,16868,8
2419,科发院张俊丽,2278,1
2420,科发院等供稿,453,1
2421,科发院赵亮,814,1
2422,科学技术发展研究院,119440,88
2423,科技园,111,1
2424,秦丹,701,2
2425,秦丹红,6461,4
2426,秦倩,276,1
2427,秦凯玲,2568,1
2428,秦四齐,3094,6
2429,秦婷,199,1
2430,秦学炜,348,1
2431,秦宇楠,904,3
2432,秦明甫,8776,6
2433,秦昕,2085,5
2434,秦杰,2239,1
2435,秦梅,888,3
2436,秦艳玲,2161,6
2437,秦雨,395,1
2438,秦静怡,1482,2
2439,秦首道,126,1
2440,秦鹏,275,1
2441,程佳,1391,3
2442,程功,696,1
2443,程名君,430,1
2444,程子恩,1147,2
2445,程子真,165,1
2446,程志均,597,1
2447,程思,804,1
2448,程果,869,2
2449,程桂芳,1247,4
2450,程梦婷,9418,5
2451,程欢欢,332,1
2452,程欣,692,2
2453,程浩,1809,5
2454,程玉婷,223,1
2455,程睿,326,1
2456,程秋霖,17446,17
2457,程筱锦,359,1
2458,程维,5098,15
2459,程美玲,1264,3
2460,程钰婕,895,1
2461,程锐敏,683,1
2462,程风敏,24851,58
2463,程鹏,256,1
2464,窦鹏,2980,1
2465,章俊,1010,3
2466,章妞妞,244,1
2467,章智怡,170,1
2468,章润红,181,1
2469,章紫琳,305,1
2470,章艺,286,1
2471,童鹏,5901,2
2472,符晟,273,1
2473,符礼丹,393,1
2474,符静雯,453,2
2475,符音,6490,10
2476,简军,466,2
2477,简鑫,2794,5
2478,管仲,797,2
2479,管洲乐,662,2
2480,管理科学与房地产学院,210732,467
2481,米成龙,924,3
2482,粟萤子,56884,19
2483,纪中旭,10776,10
2484,纪委办公室,32867,28
2485,纪露,3122,5
2486,组织部,57453,49
2487,经济与工商管理学院,122840,286
2488,经管学院,5143,3
2489,经管学院国合办,323,1
2490,统战部,39905,64
2491,继续教育学院,61021,175
2492,继续教育学院公共管理培训中心,677,1
2493,综合,21097,1
2494,综合整理,3872,1
2495,罗丰金,284,1
2496,罗丹,264,1
2497,罗也,664,4
2498,罗伟,277,1
2499,罗倩倩,1878,8
2500,罗全明,628,1
2501,罗凌欣,587,2
2502,罗媛,1613,2
2503,罗子涵,1690,2
2504,罗小刚,583,1
2505,罗尹培,701,2
2506,罗志勇,247,1
2507,罗敏,10888,9
2508,罗文军,240,1
2509,罗文剑,2649,7
2510,罗旭辉,464,1
2511,罗春蕾,292,1
2512,罗晓芹,332,1
2513,罗朋,953,3
2514,罗梦,620,1
2515,罗梦烛,3447,3
2516,罗梦遥,767,1
2517,罗欣,267,1
2518,罗洋,825,2
2519,罗玉琪,2678,6
2520,罗琳燕,804,1
2521,罗璇,45095,20
2522,罗璟,11583,5
2523,罗秀英,3945,4
2524,罗维,504,1
2525,罗莎,5604,10
2526,罗莹,2273,3
2527,罗萍,833,1
2528,罗远新,916,1
2529,罗迪耀,751,3
2530,罗雨凡,191,1
2531,罗雪清,880,3
2532,美视电影学院,13026,21
2533,羡小超,808,1
2534,翁凌飞,333,1
2535,翁磊,499,3
2536,翟一鸣,1582,4
2537,翟智伟,4146,3
2538,耿浩哲,259,1
2539,耿艺曼,9935,30
2540,耿越,2823,2
2541,聂书严,905,2
2542,聂博,713,1
2543,聂诗雨,422,2
2544,聂骋,241,1
2545,肖伟祥,236,1
2546,肖传通,332,1
2547,肖俊夫,6183,3
2548,肖倩,541,2
2549,肖娇玉,706,1
2550,肖擎,355,1
2551,肖星锶,1197,1
2552,肖欣怡,4476,5
2553,肖玉玮,352,1
2554,肖玥,672,2
2555,肖磊,19412,28
2556,肖祎铭,1783,5
2557,肖雨诗,1258,3
2558,肖露军,680,1
2559,肖静,2265,6
2560,肖韶,18004,16
2561,肖飞,5440,4
2562,肖馨,2967,5
2563,肖鹏,766,1
2564,肾内科护士,123,1
2565,肿瘤医院,295,1
2566,胡世兴,139,1
2567,胡丽,662,1
2568,胡云,879,1
2569,胡佩,1617,4
2570,胡佳思,2933,2
2571,胡佳歆,4063,11
2572,胡倩文,360,2
2573,胡光楠,3895,2
2574,胡力方,483,2
2575,胡功铃,300,1
2576,胡华瑞,342,1
2577,胡婧,313,1
2578,胡子龙,1121,3
2579,胡学斌,5535,1
2580,胡安磊,901,3
2581,胡建林,1803,1
2582,胡心博,3334,3
2583,胡政吉,916,4
2584,胡文,2239,1
2585,胡方宣,349,1
2586,胡春强,604,1
2587,胡晓惠,275,1
2588,胡晓昀,1248,3
2589,胡晓玥,259,1
2590,胡梦蝶,213,1
2591,胡毕豪,202,1
2592,胡永清,249,1
2593,胡江,1010,2
2594,胡海波,2807,1
2595,胡淑雅,200,1
2596,胡源浩,174,1
2597,胡炜,266,1
2598,胡熙茜,729,2
2599,胡玉敏,788,2
2600,胡玥,270,1
2601,胡琬妮,1348,1
2602,胡甲燊,2225,10
2603,胡盛东,492,1
2604,胡竣峰,547,1
2605,胡自力,513,1
2606,胡芸熙,284,1
2607,胡英奎,213,1
2608,胡诗文,961,2
2609,胡迎霜,332,1
2610,胡雨杭,414,1
2611,胡静怡,204,1
2612,胡静雯,661,1
2613,胡靥,173,1
2614,胡飞翔,1066,2
2615,能源与动力工程学院,70505,141
2616,自动化,334,1
2617,自动化学院,49716,109
2618,舒严,2175,3
2619,舒博彦,288,1
2620,舒天衡,1198,1
2621,舒展,1588,1
2622,舒慧,324,1
2623,舒昭平,530,1
2624,舒湛,39596,73
2625,舒滟灵,5939,13
2626,航空航天学院,50777,107
2627,艺术学院,25496,68
2628,芥子,389,1
2629,苏勤勤,14833,38
2630,苏子勰,1371,5
2631,苏小亨,1058,1
2632,苏怀舟,316,1
2633,苏涛,358,2
2634,苏甜,83,1
2635,苏金香,175,1
2636,苏雪琴,250,1
2637,苟亮,1155,1
2638,范佳敏,226,1
2639,范倩茜,1821,1
2640,范利琴,242,1
2641,范卫红,210,1
2642,范坤,358,1
2643,范家睿,296,1
2644,范旭辉,255,1
2645,范枝玲,1307,2
2646,范正妍,745,2
2647,范洋,308,1
2648,范琪琳,1912,5
2649,范雨菲,237,1
2650,茅羽瑶,4699,7
2651,荆铭,4180,9
2652,荔琼,544,3
2653,药学院,35591,102
2654,莫如利,496,1
2655,莫若,285,1
2656,葛亮,1466,2
2657,葛广谞,1743,1
2658,葛振中,205,1
2659,葛欣,261,1
2660,葛毛毛,385,1
2661,葛永新,666,1
2662,葛洁薇,6059,4
2663,董亚萍,126,1
2664,董佳琦,4113,3
2665,董凌燕,23680,14
2666,董妍岐,273,2
2667,董婧蒙,268,2
2668,董子晗,432,1
2669,董小凡,761,1
2670,董攀,422,3
2671,董映杉,2261,4
2672,董泽鑫,2959,7
2673,董涛,386,1
2674,董珎材,430,1
2675,董琪,887,5
2676,董祎炜,312,1
2677,董科,3673,2
2678,董美杉,482,1
2679,董航宇,341,1
2680,董萌,311,1
2681,董蒙,428,1
2682,董诗涵,670,1
2683,董金昊,2935,3
2684,董阳佳,187,1
2685,蒋倩,871,2
2686,蒋光德,410,1
2687,蒋兴顺,576,2
2688,蒋华林,1463,1
2689,蒋叡,133,1
2690,蒋成陶,2174,1
2691,蒋文君,845,2
2692,蒋方圆,461,1
2693,蒋晓红,248,1
2694,蒋晨,196,1
2695,蒋梦奇,142,1
2696,蒋楼,7939,13
2697,蒋汶言,495,2
2698,蒋洁,1918,1
2699,蒋瀚超,3696,10
2700,蒋研川,3939,3
2701,蒋继君,715,2
2702,蒋翰超,1605,3
2703,蒋胜龙,979,2
2704,蒋芸琳,395,1
2705,蒋营营,568,2
2706,蒋虎,336,1
2707,蒋雨豪,799,3
2708,蒋雪梅,353,1
2709,蒋青青,1635,1
2710,蒲倩,195,1
2711,蒲姝颖,631,1
2712,蒲瞻星,190,1
2713,蒲秋伶,1074,1
2714,蒲纯,3468,8
2715,蓝剑锋,3628,8
2716,蓝宇,4093,1
2717,蓝鲜梨,1364,2
2718,蔚欣雨,1078,1
2719,蔡佳,201,1
2720,蔡天翼,962,2
2721,蔡小可,869,4
2722,蔡建林,2004,5
2723,蔡忆,1447,3
2724,蔡敏怡,422,1
2725,蔡春艳,10145,8
2726,蔡淑婷,6082,7
2727,蔡炜桢,222,1
2728,蔡玉红,374,1
2729,蔡茂雪,207,1
2730,蔡蕊,1128,2
2731,蔡袁标,372,2
2732,蔡鑫,434,1
2733,蔡锦帆,125,1
2734,薛亦,1399,4
2735,薛凯,5112,10
2736,薛曲,3098,2
2737,薛煜岚,11612,8
2738,薛红杰,198,1
2739,薛维益,10120,4
2740,薛育余,1223,3
2741,薛远非,420,1
2742,薛阳阳,4967,11
2743,薛雨桐,260,1
2744,虎溪校区管委会,916,3
2745,虎溪校区管理委员会,65230,128
2746,虞佳怡,317,1
2747,袁世军,161,1
2748,袁丰,179,1
2749,袁亮,458,1
2750,袁传奇,587,1
2751,袁凡宁,2608,2
2752,袁刚,1764,4
2753,袁利祥,6060,10
2754,袁圆,2047,3
2755,袁媛,9906,20
2756,袁子涵,629,1
2757,袁宇松,301,2
2758,袁小涵,278,1
2759,袁尔会,273,1
2760,袁忠,2677,5
2761,袁忠慧,1138,3
2762,袁敏,326,1
2763,袁文梓,252,1
2764,袁李姝,339,1
2765,袁梦,869,2
2766,袁泽玲,1256,2
2767,袁浩博,443,1
2768,袁爱鹏,238,1
2769,袁玲,316,1
2770,袁甜,360,1
2771,袁继锋,267,1
2772,袁羚二,134,1
2773,袁辉,450,1
2774,袁金凤,724,1
2775,袁钰,1655,2
2776,裴光术,15245,31
2777,裴娜,410,1
2778,裴芳,243,1
2779,褚乐彬,631,1
2780,西安交通大学邢悦涵,711,1
2781,覃明锋,3801,3
2782,覃梦秋,1209,4
2783,解诗思,253,1
2784,詹雪,5954,7
2785,计划财务处,8872,20
2786,计算机学院,105915,229
2787,许业兴,228,1
2788,许俊峰,12458,8
2789,许可,1020,3
2790,许坚,239,1
2791,许天才,23128,11
2792,许奕欣,292,1
2793,许家森,263,1
2794,许建波,2411,7
2795,许怀文,1558,5
2796,许斯宁,176,1
2797,许明祥,583,1
2798,许春红,721,1
2799,许晨成,334,1
2800,许林,277,1
2801,许果,2397,1
2802,许浩,1799,2
2803,许瑛,2215,7
2804,许立,2846,5
2805,许红浪,7028,14
2806,许耘浩,229,1
2807,许骏,11468,7
2808,许鸿翔,142,1
2809,访学团新闻报道团队,338,1
2810,课题组,3543,1
2811,谌登叶,289,2
2812,谌详勇,189,1
2813,谢丛宇,505,1
2814,谢东毅,2691,5
2815,谢丽,11668,19
2816,谢佳沁,2015,2
2817,谢妮娟,157,1
2818,谢宇鑫,284,1
2819,谢思宇,484,1
2820,谢思瑶,553,2
2821,谢文博,220,1
2822,谢文君,331,1
2823,谢昆峰,396,1
2824,谢春龙,1793,4
2825,谢昭鲲,739,1
2826,谢梦茜,1811,5
2827,谢波,377,1
2828,谢瀚秋,159,1
2829,谢琴霞,131,1
2830,谢璧如,7259,18
2831,谢磊,180,1
2832,谢祖全,615,2
2833,谢符坤,1295,3
2834,谢莹,621,2
2835,谢菊香,3033,5
2836,谢诗慧,277,1
2837,谢镇江,782,1
2838,谢静,419,2
2839,谭伟亚,1388,5
2840,谭娅,4655,4
2841,谭婧,212,1
2842,谭婧懿,301,1
2843,谭孝芬,793,2
2844,谭怡,1213,2
2845,谭恽栊,215,1
2846,谭有婷,1810,3
2847,谭梦刚,524,2
2848,谭梦钢,1689,3
2849,谭登梅,2935,11
2850,谭纲琼,3429,4
2851,谭芸倩,205,2
2852,谭芸妃,171,1
2853,谭苏玲,1994,1
2854,谭蔓,1978,4
2855,谭迪,305,1
2856,谭顺霞,7245,6
2857,谭颖,2021,3
2858,谭黎明,615,2
2859,谷一,172,1
2860,谷宇,426,2
2861,谷旭阳,250,1
2862,谷萌,3291,12
2863,谷诗卉,5960,15
2864,豆鹏鹏,168,1
2865,质量科,392,1
2866,贵秀,170,1
2867,费亦凡,1088,2
2868,贺佳欣,180,1
2869,贺婷婷,333,1
2870,贺子浔,3634,6
2871,贺成华,814,2
2872,贺江豪,211,1
2873,贺芳,1982,4
2874,贺贞,909,3
2875,贺雨,379,1
2876,贺雪菲,708,2
2877,贾冉昊,234,1
2878,贾国涛,331,1
2879,贾媛媛,279,1
2880,贾晨星,1023,3
2881,贾柠源,1306,4
2882,贾永涛,325,1
2883,贾泽敏,586,1
2884,贾源,3422,8
2885,贾琳琳,192,1
2886,贾雲雪,1571,5
2887,资产经营有限责任公司,16211,41
2888,资源与安全学院,96423,253
2889,资环学院党委,374,1
2890,资环学院研究生第七支部,305,1
2891,赖大炜,1112,4
2892,赖求佳,1344,1
2893,赖炳根,32159,47
2894,赖琴,1596,2
2895,赖莎,278,1
2896,赖雨琪,137,1
2897,赵一帆,886,3
2898,赵一菲,1215,3
2899,赵一雪,346,1
2900,赵云凤,2060,8
2901,赵亮,21715,11
2902,赵倩,495,1
2903,赵冉,221,1
2904,赵冰清,171,1
2905,赵冲,281,1
2906,赵娟,338,1
2907,赵学芝,336,1
2908,赵宗杰,779,2
2909,赵家慰,4300,6
2910,赵尉宏,351,1
2911,赵康,220,1
2912,赵志义,3206,5
2913,赵敏,488,1
2914,赵明明,494,1
2915,赵明达,169,1
2916,赵春青,4965,14
2917,赵昶,680,3
2918,赵晓方,875,2
2919,赵晓明,1051,2
2920,赵林,1677,4
2921,赵樱洁,865,1
2922,赵欢,1029,1
2923,赵永正,1208,4
2924,赵汉青,3103,10
2925,赵汗青,328,1
2926,赵洋,1655,3
2927,赵海宏,408,2
2928,赵深艳,102414,23
2929,赵潞明,845,2
2930,赵瑞,505,1
2931,赵畅,6787,7
2932,赵益麟,314,1
2933,赵筠康,280,1
2934,赵航疆,314,1
2935,赵芳舟,481,1
2936,赵莉,1139,2
2937,赵超,438,1
2938,赵越,141,1
2939,赵辉,213,1
2940,赵选贵,1641,4
2941,赵逸之,258,1
2942,赵逸飞,139,1
2943,赵阳阳,360,1
2944,赵雨洁,133,1
2945,赵雪月,452,1
2946,赵雪林,8241,17
2947,赵静芳,924,1
2948,越宏哲,164,1
2949,蹇宛芸,1915,1
2950,车晓艺,788,2
2951,辛沐霖,330,1
2952,辛辛那提学院学生会宣传部,605,1
2953,辜浩珉,7443,12
2954,边可瀚,4627,4
2955,连狄远,985,1
2956,连震,2023,5
2957,迟悦,2631,7
2958,迟春阳,2498,5
2959,迪丽努尔,341,1
2960,迪里亚尔·克里木,3008,3
2961,邓为忠,429,1
2962,邓云,273,1
2963,邓伟,244,1
2964,邓凡,292,1
2965,邓博文,636,2
2966,邓壹心,3293,10
2967,邓婕,2353,7
2968,邓子健,270,1
2969,邓巧,506,2
2970,邓应雄,341,1
2971,邓忠晶,4146,11
2972,邓文卓,1031,3
2973,邓文静,1119,2
2974,邓晓岚,2427,4
2975,邓晓蔚,211,1
2976,邓智扬,321,1
2977,邓欢,737,2
2978,邓正巧,215,1
2979,邓泽伟,262,1
2980,邓海纳,165,1
2981,邓然,644,1
2982,邓琼,184,1
2983,邓磊,538,1
2984,邓禛,3185,4
2985,邓羿泽,345,1
2986,邓艺,1385,3
2987,邓诚,1851,5
2988,邓钊力,218,1
2989,邓雨荷,247,1
2990,邝静,176,1
2991,邢慧慧,1182,2
2992,邢来,438,1
2993,邬琦琦,510,1
2994,邱怡霖,1123,4
2995,邱楠,3252,2
2996,邱泽林,1765,5
2997,邱玮杰,1399,1
2998,邱若杰,3314,5
2999,邱荣富,2955,14
3000,邵凤雨,3265,12
3001,邵常贺,1159,3
3002,邵毅敏,658,1
3003,邵红亮,509,2
3004,邹依,556,2
3005,邹居东,248,1
3006,邹晴荣,1279,2
3007,邹月华,215,1
3008,邹梅,1141,2
3009,邹洁,208,1
3010,邹芳,1166,3
3011,邹芸,593,2
3012,邹锐,701,1
3013,邹雪,1627,1
3014,邹颖,1155,1
3015,郎少波,297,1
3016,郎红梅,1435,1
3017,郎逸霖,364,1
3018,郑丽云,349,1
3019,郑亚灵,1217,4
3020,郑妮娜,343,2
3021,郑宇,372,1
3022,郑家勤,1927,4
3023,郑广燕,862,3
3024,郑恒,316,1
3025,郑惠中,223,1
3026,郑文卓,240,1
3027,郑晗琳,12301,57
3028,郑晨翔,288,2
3029,郑智露,3709,1
3030,郑桐,202,1
3031,郑泓,5258,10
3032,郑洁,186,1
3033,郑洪英,191,1
3034,郑海霞,184,1
3035,郑淼苇,260,1
3036,郑燕,448,1
3037,郑琦正,284,1
3038,郑琳,278,1
3039,郑琴,510,1
3040,郑璐璐,335,1
3041,郑田青,402,2
3042,郑白兴,402,2
3043,郑绪昌,563,1
3044,郑迪琪,2749,2
3045,郑雅双,164,1
3046,郑雨昕,1178,1
3047,郝小玮,17037,19
3048,郝小瑜,433,4
3049,郝斌,576,1
3050,郝海迪,323,1
3051,郝若鸿,1024,1
3052,郭会敏,334,1
3053,郭佳静,313,2
3054,郭俊,195,1
3055,郭利,285,1
3056,郭勇金,4922,9
3057,郭千千,350,1
3058,郭嘉,591,1
3059,郭坤银,938,2
3060,郭子秋,450,1
3061,郭子萱,596,1
3062,郭强,393,1
3063,郭彦伽,212,1
3064,郭微微,653,3
3065,郭思远,1686,1
3066,郭慧娟,239,1
3067,郭明义爱心团队重庆大学分队,222,1
3068,郭映位,316,1
3069,郭晶,1318,2
3070,郭朋非,2280,6
3071,郭松涛,1359,1
3072,郭毅,613,2
3073,郭泽磊,395,1
3074,郭玉梅,6136,2
3075,郭琦,1468,3
3076,郭瑞,4356,14
3077,郭磊,4884,2
3078,郭航江,398,1
3079,郭鑫,532,1
3080,郭铂涵,309,1
3081,郭雨萱,1351,4
3082,郭靖宇,1041,1
3083,郭静,140,1
3084,郭颖菱,684,4
3085,郭香君,450,1
3086,都宏波,2039,5
3087,鄢萌,1800,3
3088,重大就业,1565,3
3089,重庆大学-辛辛那提大学联合学院,41408,74
3090,重庆大学“耕耘”团队,354,1
3091,重庆大学“耕耘”实践团,258,1
3092,重庆大学产业技术研究院,2634,1
3093,重庆大学学生会,1805,2
3094,重庆大学学生艺术团,170,1
3095,重庆大学探寻儒家文化实践团,191,1
3096,重庆大学文化创意产业研究院,596,1
3097,重庆大学期刊社王维朗,2762,1
3098,重庆大学法学院宣传部,513,2
3099,重庆大学研究生会国际交流协会,202,1
3100,重庆大学附属中心医院第一批援卾医疗队队员,144,1
3101,重庆大学高层管理者培训与发展中心,567,3
3102,重庆市急救医疗中心,345,2
3103,重庆市急救医疗中心第二批援鄂医疗队队员,123,1
3104,重庆市急救医疗中心重症组周柳吟,496,1
3105,重庆市第一批援卾医疗队,496,1
3106,重庆市肿瘤医院程风敏,314,1
3107,金妍伶,943,2
3108,金建增,9592,6
3109,金怀钰,277,1
3110,金恒江,241,1
3111,金梅,2801,5
3112,金灼,1131,2
3113,金翠红,2196,6
3114,金贵琳,438,1
3115,金鹏,179,1
3116,钟代笛,193,1
3117,钟兴菊,265,1
3118,钟坤煜,2201,4
3119,钟昱铭,398,1
3120,钟梁,507,1
3121,钟永力,479,2
3122,钟瑶,698,2
3123,钟莉,296,1
3124,钟远明,654,2
3125,钟雯,845,2
3126,钟震宇,217,1
3127,钢结构中心,551,1
3128,钱意,860,2
3129,钱晓立,666,1
3130,钱深华,2526,1
3131,钱羽辰,118,1
3132,钱诚,221,1
3133,钱越闲,245,1
3134,钱驷强,368,1
3135,银娇娇,259,1
3136,门朋飞,537,1
3137,门秀红,9215,32
3138,闫佳奇,3884,9
3139,闫天晴,419,1
3140,闫康,405,1
3141,闫志兵,252,1
3142,闫志红,1869,1
3143,闫春春,257,1
3144,闫涵,2770,3
3145,闫清,1095,3
3146,闫渤文,655,3
3147,闫美月,161,1
3148,闫若华,238,1
3149,闫雨勤,613,1
3150,闫雨晴,312,2
3151,闵文凯,226,1
3152,闵炳中,625,1
3153,闵贝加,2029,9
3154,阮从昊,232,1
3155,阮明睿,1566,3
3156,阮源江,5287,4
3157,阳乾凤,3765,5
3158,阳晨璐,328,1
3159,阳杭玲,745,3
3160,阳蕊,423,1
3161,阿丽旦,638,4
3162,阿腾阁,133,1
3163,附属中心医院,1487,1
3164,附属肿瘤医院,27060,69
3165,陆丽娜,2221,1
3166,陆小沁,206,1
3167,陆广祝,4070,10
3168,陆晓桐,494,1
3169,陆霖,169,1
3170,陈世权,457,1
3171,陈丽,2655,8
3172,陈义,1207,3
3173,陈之春,130,1
3174,陈书阳,257,1
3175,陈亚佟,577,2
3176,陈亚楠,2646,4
3177,陈亚然,18922,17
3178,陈亭,14841,38
3179,陈亮,451,2
3180,陈传东,295,1
3181,陈佳仝,197,1
3182,陈佳怡,223,1
3183,陈佳欣,1708,5
3184,陈俊洁,477,2
3185,陈保才,186,1
3186,陈俞君,557,2
3187,陈先华,4875,4
3188,陈光辉,168,1
3189,陈兴名,288,1
3190,陈军瑞,2474,6
3191,陈创,904,1
3192,陈功祥,7394,3
3193,陈勇,11909,26
3194,陈勇凡,2363,7
3195,陈华,337,1
3196,陈含璐,239,1
3197,陈周,865,3
3198,陈咏昕,284,1
3199,陈咸彰,570,1
3200,陈嘉馨,229,1
3201,陈圆,12260,7
3202,陈坤,341,1
3203,陈培稚,6682,22
3204,陈大勇,4045,1
3205,陈姿屹,14757,8
3206,陈娜,3920,2
3207,陈娟,466,1
3208,陈婉佳,1423,5
3209,陈婕,771,2
3210,陈子涵,420,2
3211,陈学瑜,3214,2
3212,陈宁熙,332,1
3213,陈宏英,2147,2
3214,陈家琦,480,1
3215,陈小秋,1228,1
3216,陈希,118,1
3217,陈彤,260,1
3218,陈彦宏,886,3
3219,陈彦蓉,8842,9
3220,陈心池,345,1
3221,陈志超,161,1
3222,陈忠礼,361,1
3223,陈思思,10038,17
3224,陈思瑛,583,2
3225,陈思腾,392,1
3226,陈恒鑫,3907,2
3227,陈悠悠,594,3
3228,陈惠明,156,1
3229,陈慧泽,1064,2
3230,陈慧琳,375,2
3231,陈憬霖,1041,1
3232,陈戎韬,822,3
3233,陈扬卓,1474,5
3234,陈振炜,510,3
3235,陈敏,186,1
3236,陈敬敏,1211,3
3237,陈文佳,1409,3
3238,陈文宣,116,1
3239,陈文文,2686,9
3240,陈文杰,1588,1
3241,陈旭松,111,1
3242,陈旻晖,190,1
3243,陈易欣,434,1
3244,陈星辰,8751,21
3245,陈映天,849,2
3246,陈晓,4714,4
3247,陈晓倩,274,1
3248,陈晚霞,21912,16
3249,陈曦,1240,3
3250,陈权,472,1
3251,陈杨珏静,332,1
3252,陈柏翰,316,1
3253,陈柳辰,519,1
3254,陈根,327,1
3255,陈桂冰,2634,1
3256,陈桃艳,218,1
3257,陈梦竹,782,1
3258,陈梦雪,761,2
3259,陈欣,257,1
3260,陈毅,1216,2
3261,陈民晖,985,3
3262,陈江渝,1078,1
3263,陈沁寒,502,1
3264,陈泓霏,285,1
3265,陈泽军,2475,4
3266,陈泽弘,203,1
3267,陈洁,1049,1
3268,陈洁斌,1005,2
3269,陈洪平,260,1
3270,陈洪林,224,1
3271,陈济新,150,1
3272,陈浩然,395,1
3273,陈涛,2719,8
3274,陈润寰,322,1
3275,陈淑芳,1958,5
3276,陈清,1075,1
3277,陈灵涵,3221,3
3278,陈炜,1528,4
3279,陈爽,1090,4
3280,陈玉婷,1757,2
3281,陈玲丽,479,1
3282,陈玲玲,572,1
3283,陈琼玲,329,1
3284,陈瑜,17590,32
3285,陈瑶,5550,10
3286,陈相帅,702,2
3287,陈磊,673,2
3288,陈秀,229,1
3289,陈秋宏,1930,1
3290,陈秋适,319,1
3291,陈科蓉,7718,5
3292,陈移峰,1838,1
3293,陈立明,535,1
3294,陈红兵,379,1
3295,陈美玲,591,1
3296,陈翠,1122,2
3297,陈舒琦,194,1
3298,陈航,167,1
3299,陈艳,527,1
3300,陈艺丹,6810,8
3301,陈苗苗,329,1
3302,陈若楠,302,1
3303,陈茂玥,263,1
3304,陈茜,296,2
3305,陈萌,368,1
3306,陈薇薇,221,1
3307,陈西东,273,1
3308,陈诗蕴,375,1
3309,陈诺,2559,5
3310,陈超,422,1
3311,陈辉,165,1
3312,陈金,342,1
3313,陈鑫叶,143,1
3314,陈锐,1196,2
3315,陈锐宁,322,1
3316,陈锡毅,422,2
3317,陈雅茹,255,1
3318,陈雨,1439,5
3319,陈雨欣,2002,1
3320,陈青,3373,4
3321,陈颖,4427,3
3322,陈飞宇,228,1
3323,陈鹏,821,2
3324,陈麟鑫,312,1
3325,陈默,1493,9
3326,陈龙,10681,38
3327,陈龙峰,933,2
3328,降俊汝,134,1
3329,陶勇,359,1
3330,陶宇宸,3509,3
3331,陶慧敏,380,2
3332,陶晓云,227,1
3333,陶桂宝,3643,2
3334,陶美婧,206,1
3335,隆文娜,346,1
3336,隋海兵,869,4
3337,雷冰洁,3709,1
3338,雷吉烽,196,1
3339,雷嘉慧,211,1
3340,雷志梅,173,1
3341,雷达,2149,2
3342,雷道希等,697,1
3343,霍丽伟,9401,24
3344,霍政兴,332,1
3345,霍润兰,9779,25
3346,霍鹏林,1196,5
3347,靳云翔,399,1
3348,靳京锐,597,1
3349,韦丹丹,3941,4
3350,韦丽,74747,19
3351,韦丽综合,2240,1
3352,韦佳莹,201,1
3353,韦喜,1491,4
3354,韦海月,2323,4
3355,韦诗蕴,335,1
3356,韦贝贝,781,2
3357,韩世新,876,2
3358,韩丹丹,395,1
3359,韩丽娜,413,1
3360,韩亚,285,1
3361,韩亚琴,5305,10
3362,韩亚琴摄影,776,1
3363,韩宇,213,1
3364,韩尔东,302,1
3365,韩平,330,1
3366,韩广,798,2
3367,韩斌,537,1
3368,韩术,960,4
3369,韩梓建,991,2
3370,韩燕,508,3
3371,韩硕,6460,10
3372,韩笑,1795,4
3373,韩翔州,989,2
3374,韩蒙,614,1
3375,韩蕾,795,2
3376,韩重,2271,6
3377,韩锋,745,2
3378,韩雅楠,374,1
3379,韩龙泽,1780,4
3380,韩龙泽邵凤雨,450,1
3381,项杨震,9046,12
3382,项盛,325,1
3383,项钰雯,332,2
3384,顾玮,412,1
3385,顾雨恒,383,1
3386,颜可,7830,4
3387,颜学文,335,2
3388,颜芳,243,1
3389,颜迪,568,2
3390,饶品,2786,2
3391,饶桐语,2471,2
3392,马一丹,326,1
3393,马一菲,1839,7
3394,马乐瑶,434,1
3395,马云鹏,1111,5
3396,马亚然,2442,9
3397,马克思主义学院,93274,170
3398,马前,12166,16
3399,马天秀,7649,6
3400,马娜,173,1
3401,马子铃,597,1
3402,马存倩,1081,3
3403,马宁,974,3
3404,马安苗,3899,3
3405,马小帅,1241,1
3406,马小蝶,3999,16
3407,马尚明,2646,3
3408,马帅,251,1
3409,马幸双,2764,7
3410,马弋涵,158,1
3411,马文婷,479,3
3412,马文林,259,1
3413,马文超,276,1
3414,马明勋,2038,3
3415,马明鑫,370,1
3416,马晓雪,269,1
3417,马晨钟,210,1
3418,马本山,427,1
3419,马欣,1092,3
3420,马波,365,1
3421,马爱琳,908,2
3422,马瑜,261,1
3423,马翼,481,1
3424,马萌萌,334,2
3425,马诗玥,464,1
3426,骆俊杰,147,1
3427,骆映颖,509,1
3428,骆淑景,186,1
3429,高一航,303,1
3430,高倩德,596,1
3431,高利强,314,1
3432,高婉君,791,2
3433,高宇含,300,1
3434,高宏佳,305,1
3435,高层管理者培训与发展中心,511,1
3436,高希雅,202,1
3437,高微,701,1
3438,高心怡,226,1
3439,高旻,1483,4
3440,高春,342,1
3441,高晨溦,1097,1
3442,高梦凌,5261,13
3443,高梦蝶,7497,4
3444,高毓民,427,1
3445,高永,147,1
3446,高泉涌,31299,12
3447,高熊枫,788,2
3448,高玉刚,270,1
3449,高瑞雪,1355,4
3450,高研院,2505,1
3451,高磊,132,1
3452,高等教育研究所,352,1
3453,高精卫,1884,4
3454,高维,2211,1
3455,高翔,18680,8
3456,高育硕,1637,6
3457,高行健,381,2
3458,高豪杰,173,1
3459,高雨彤,256,1
3460,魏世勋,1107,1
3461,魏丽爽,590,2
3462,魏依澜,554,2
3463,魏双,719,3
3464,魏和琬,1575,3
3465,魏国兵,1970,1
3466,魏娟,19848,22
3467,魏媛,580,1
3468,魏家驹,407,2
3469,魏希茜,417,1
3470,魏朝阳,207,1
3471,魏林颖,262,1
3472,魏楷文,1130,1
3473,魏欣,506,1
3474,魏源,1175,1
3475,魏瀚宇,243,1
3476,魏群义,3737,6
3477,魏翰宇,228,1
3478,魏财,650,2
3479,魏远洋,377,2
3480,魏雅琦,885,2
3481,鲁炯,350,1
3482,鲍佳仪,741,1
3483,鲍琦雯,412,1
3484,鲜程,192,1
3485,麦丽坎,302,1
3486,麦丽坎·阿不力米提,294,1
3487,麻莹楠,2424,4
3488,黄世霞,3141,2
3489,黄东,783,3
3490,黄乃琪,392,2
3491,黄云鑫,436,1
3492,黄亭树,147,1
3493,黄伊铃,297,1
3494,黄俊杰,259,1
3495,黄俊溢,1945,4
3496,黄俊逸,296,1
3497,黄俊锋,3036,3
3498,黄俊鹏,1427,2
3499,黄光耀,503,2
3500,黄军杰,430,1
3501,黄凯华,513,1
3502,黄利,128,1
3503,黄劼,343,1
3504,黄勇,337,2
3505,黄国勤,174,1
3506,黄培,939,2
3507,黄天林,449,1
3508,黄天聪,338,1
3509,黄娟,250,1
3510,黄婉怡,250,1
3511,黄媛媛,6970,14
3512,黄宇翔,239,1
3513,黄宏宇,2262,1
3514,黄小青,233,2
3515,黄岂平,186,1
3516,黄常可,176,1
3517,黄廷帆,289,1
3518,黄弋航,1116,1
3519,黄彬,630,1
3520,黄志强,2538,3
3521,黄思,23001,9
3522,黄惠珍,711,2
3523,黄慧传丹,1012,6
3524,黄敏慧,865,1
3525,黄文君,6964,5
3526,黄文彬,4957,1
3527,黄文璇,310,1
3528,黄文韬,3520,4
3529,黄旭,8278,6
3530,黄旸,468,1
3531,黄明,461,1
3532,黄晓涵,13676,19
3533,黄晓清,522,3
3534,黄晓玲,438,1
3535,黄智君,2074,2
3536,黄杨进,210,1
3537,黄梅,2902,3
3538,黄梦桃,309,1
3539,黄楠,847,2
3540,黄河,40775,7
3541,黄洋,950,2
3542,黄洋洋,1619,7
3543,黄洪松,1997,4
3544,黄海,4900,7
3545,黄海明,5682,2
3546,黄涛,165,1
3547,黄淮忠,441,1
3548,黄渐青,295,1
3549,黄源媛,417,1
3550,黄炳僖,236,1
3551,黄玥,392,1
3552,黄璐,613,2
3553,黄睿红,5980,11
3554,黄礼杰,955,2
3555,黄秋子,730,2
3556,黄美玲,962,1
3557,黄聪,1155,3
3558,黄艺,2964,9
3559,黄芳子怡,245,1
3560,黄菊,181,1
3561,黄葳,209,1
3562,黄蒙,3050,10
3563,黄蓉,459,2
3564,黄薇,180,1
3565,黄薇君,897,2
3566,黄诗佳,455,2
3567,黄语,543,3
3568,黄金涌,155,1
3569,黄鑫,211,1
3570,黄铭,511,1
3571,黄键,418,1
3572,黄雅琦,360,1
3573,黄雅琪,467,2
3574,黄雪飘,2164,5
3575,黄雯,1543,5
3576,黄颖,340,2
3577,黎勇,399,1
3578,黎婷,279,1
3579,黎宴君,952,3
3580,黎梦迪,1273,4
3581,黎江林,204,1
3582,黎泳钦,292,1
3583,黎静,2119,2
3584,齐平,1156,2
3585,齐梓轩,570,1
3586,齐爱民,1453,2
3587,龙云飞,737,1
3588,龙吴燕,373,1
3589,龙庆会,449,2
3590,龙怡颖,1155,2
3591,龙木军,207,1
3592,龙毅,5091,4
3593,龙燕,134,1
3594,龙禹,180,1
3595,龙颖,963,2
3596,龚代军,290,2
3597,龚兵,171,1
3598,龚冰柔,218,1
3599,龚叙林,1707,3
3600,龚婷婷,358,1
3601,龚江山,395,1
3602,龚泽军,192,1
3603,龚益瑄,164,1
3604,龚馨,343,1
